quarter,quarter_qf,hb,hbqf,location,location_qf,specialty,specialty_qf,specialty_name,specialty_name_qf,all_staffed_beds,all_staffed_beds_qf,total_occupied_beds,total_occupied_beds_qf,average_available_staffed_beds,average_available_staffed_beds_qf,average_occupied_beds,average_occupied_beds_qf,percentage_occupancy,percentage_occupancy_qf,hb_name,mean_tob,mean_aasb,mean_aob,mean_po
2020Q1,NA,SB0801,NA,D102H,NA,NA,z,All Acute,d,14896,NA,10915,NA,163.69230769230768,NA,119.94505494505496,NA,73.27470461868958,NA,The Golden Jubilee National Hospital,11954,170.6036288762997,130.8462209633017,76.7299830660662
2020Q1,NA,SB0801,NA,SB0801,d,NA,z,All Acute,d,14896,NA,10915,NA,163.69230769230768,NA,119.94505494505496,NA,73.27470461868958,NA,The Golden Jubilee National Hospital,11954,170.6036288762997,130.8462209633017,76.7299830660662
2020Q2,NA,SB0801,NA,D102H,NA,NA,z,All Acute,d,14366,NA,8101,NA,157.86813186813183,NA,89.02197802197803,NA,56.39008770708619,NA,The Golden Jubilee National Hospital,11954,170.6036288762997,130.8462209633017,76.7299830660662
2020Q2,NA,SB0801,NA,SB0801,d,NA,z,All Acute,d,14366,NA,8101,NA,157.86813186813183,NA,89.02197802197803,NA,56.39008770708619,NA,The Golden Jubilee National Hospital,11954,170.6036288762997,130.8462209633017,76.7299830660662
2020Q3,NA,SB0801,NA,D102H,NA,NA,z,All Acute,d,15442,NA,9934,NA,167.84782608695653,NA,107.97826086956522,NA,64.33104520139878,NA,The Golden Jubilee National Hospital,11954,170.6036288762997,130.8462209633017,76.7299830660662
2020Q3,NA,SB0801,NA,SB0801,d,NA,z,All Acute,d,15442,NA,9934,NA,167.84782608695653,NA,107.97826086956522,NA,64.33104520139878,NA,The Golden Jubilee National Hospital,11954,170.6036288762997,130.8462209633017,76.7299830660662
2020Q4,NA,SB0801,NA,D102H,NA,NA,z,All Acute,d,15665,NA,11164,NA,170.27173913043478,NA,121.34782608695652,NA,71.26715608043409,NA,The Golden Jubilee National Hospital,11954,170.6036288762997,130.8462209633017,76.7299830660662
2020Q4,NA,SB0801,NA,SB0801,d,NA,z,All Acute,d,15665,NA,11164,NA,170.27173913043478,NA,121.34782608695652,NA,71.26715608043409,NA,The Golden Jubilee National Hospital,11954,170.6036288762997,130.8462209633017,76.7299830660662
2021Q1,NA,SB0801,NA,D102H,NA,NA,z,All Acute,d,16547,NA,12060,NA,183.85555555555555,NA,134,NA,72.88330210914366,NA,The Golden Jubilee National Hospital,11954,170.6036288762997,130.8462209633017,76.7299830660662
2021Q1,NA,SB0801,NA,SB0801,d,NA,z,All Acute,d,16547,NA,12060,NA,183.85555555555555,NA,134,NA,72.88330210914366,NA,The Golden Jubilee National Hospital,11954,170.6036288762997,130.8462209633017,76.7299830660662
2021Q2,NA,SB0801,NA,D102H,NA,NA,z,All Acute,d,16159,NA,12269,NA,177.57142857142858,NA,134.82417582417582,NA,75.92672813911751,NA,The Golden Jubilee National Hospital,11954,170.6036288762997,130.8462209633017,76.7299830660662
2021Q2,NA,SB0801,NA,SB0801,d,NA,z,All Acute,d,16159,NA,12269,NA,177.57142857142858,NA,134.82417582417582,NA,75.92672813911751,NA,The Golden Jubilee National Hospital,11954,170.6036288762997,130.8462209633017,76.7299830660662
2021Q3,p,SB0801,NA,D102H,NA,NA,z,All Acute,d,16897,NA,12029,NA,183.66304347826087,NA,130.75,NA,71.19015209800557,NA,The Golden Jubilee National Hospital,11954,170.6036288762997,130.8462209633017,76.7299830660662
2021Q3,p,SB0801,NA,SB0801,d,NA,z,All Acute,d,16897,NA,12029,NA,183.66304347826087,NA,130.75,NA,71.19015209800557,NA,The Golden Jubilee National Hospital,11954,170.6036288762997,130.8462209633017,76.7299830660662
2020Q1,NA,S08000015,NA,A111H,NA,NA,z,All Acute,d,43053,NA,38853,NA,473.1098901098901,NA,426.956043956044,NA,90.24458225907604,NA,NHS Ayrshire and Arran,83881.92857142857,985.0623161862292,918.367927103952,93.25961642511069
2020Q1,NA,S08000015,NA,A210H,NA,NA,z,All Acute,d,31574,NA,28350,NA,346.967032967033,NA,311.53846153846155,NA,89.78906695382275,NA,NHS Ayrshire and Arran,83881.92857142857,985.0623161862292,918.367927103952,93.25961642511069
2020Q1,NA,S08000015,NA,S08000015,d,NA,z,All Acute,d,87439,NA,79602,NA,960.868131868132,NA,874.7472527472528,NA,91.03718020562908,NA,NHS Ayrshire and Arran,83881.92857142857,985.0623161862292,918.367927103952,93.25961642511069
2020Q2,NA,S08000015,NA,A111H,NA,NA,z,All Acute,d,39567,NA,28239,NA,434.8021978021978,NA,310.31868131868134,NA,71.37008112821292,NA,NHS Ayrshire and Arran,83881.92857142857,985.0623161862292,918.367927103952,93.25961642511069
2020Q2,NA,S08000015,NA,A210H,NA,NA,z,All Acute,d,25566,NA,18179,NA,280.94505494505495,NA,199.76923076923077,NA,71.10615661425331,NA,NHS Ayrshire and Arran,83881.92857142857,985.0623161862292,918.367927103952,93.25961642511069
2020Q2,NA,S08000015,NA,S08000015,d,NA,z,All Acute,d,79260,NA,58335,NA,870.989010989011,NA,641.0439560439561,NA,73.5995457986374,NA,NHS Ayrshire and Arran,83881.92857142857,985.0623161862292,918.367927103952,93.25961642511069
2020Q3,NA,S08000015,NA,A111H,NA,NA,z,All Acute,d,41011,NA,37505,NA,445.7717391304348,NA,407.6630434782609,NA,91.45107410207018,NA,NHS Ayrshire and Arran,83881.92857142857,985.0623161862292,918.367927103952,93.25961642511069
2020Q3,NA,S08000015,NA,A210H,NA,NA,z,All Acute,d,26061,NA,23002,NA,283.2717391304348,NA,250.0217391304348,NA,88.26215417673919,NA,NHS Ayrshire and Arran,83881.92857142857,985.0623161862292,918.367927103952,93.25961642511069
2020Q3,NA,S08000015,NA,S08000015,d,NA,z,All Acute,d,81232,NA,72179,NA,882.9565217391304,NA,784.554347826087,NA,88.85537719125469,NA,NHS Ayrshire and Arran,83881.92857142857,985.0623161862292,918.367927103952,93.25961642511069
2020Q4,NA,S08000015,NA,A111H,NA,NA,z,All Acute,d,44270,NA,39411,NA,481.19565217391306,NA,428.3804347826087,NA,89.0241698667269,NA,NHS Ayrshire and Arran,83881.92857142857,985.0623161862292,918.367927103952,93.25961642511069
2020Q4,NA,S08000015,NA,A210H,NA,NA,z,All Acute,d,29415,NA,26066,NA,319.7282608695652,NA,283.32608695652175,NA,88.6146523882373,NA,NHS Ayrshire and Arran,83881.92857142857,985.0623161862292,918.367927103952,93.25961642511069
2020Q4,NA,S08000015,NA,S08000015,d,NA,z,All Acute,d,88117,NA,77380,NA,957.7934782608696,NA,841.0869565217391,NA,87.81506406255319,NA,NHS Ayrshire and Arran,83881.92857142857,985.0623161862292,918.367927103952,93.25961642511069
2021Q1,NA,S08000015,NA,A111H,NA,NA,z,All Acute,d,44361,NA,40225,NA,492.9,NA,446.94444444444446,NA,90.67649511958705,NA,NHS Ayrshire and Arran,83881.92857142857,985.0623161862292,918.367927103952,93.25961642511069
2021Q1,NA,S08000015,NA,A210H,NA,NA,z,All Acute,d,28688,NA,24803,NA,318.75555555555553,NA,275.5888888888889,NA,86.45775237032906,NA,NHS Ayrshire and Arran,83881.92857142857,985.0623161862292,918.367927103952,93.25961642511069
2021Q1,NA,S08000015,NA,S08000015,d,NA,z,All Acute,d,86788,NA,76215,NA,964.3111111111112,NA,846.8333333333334,NA,87.81744019910587,NA,NHS Ayrshire and Arran,83881.92857142857,985.0623161862292,918.367927103952,93.25961642511069
2021Q2,NA,S08000015,NA,A111H,NA,NA,z,All Acute,d,44720,NA,41081,NA,491.42857142857144,NA,451.43956043956047,NA,91.86270125223614,NA,NHS Ayrshire and Arran,83881.92857142857,985.0623161862292,918.367927103952,93.25961642511069
2021Q2,NA,S08000015,NA,A210H,NA,NA,z,All Acute,d,27905,NA,24867,NA,306.64835164835165,NA,273.2637362637363,NA,89.11306217523742,NA,NHS Ayrshire and Arran,83881.92857142857,985.0623161862292,918.367927103952,93.25961642511069
2021Q2,NA,S08000015,NA,S08000015,d,NA,z,All Acute,d,86764,NA,77846,NA,953.4505494505496,NA,855.4505494505495,NA,89.72154349730303,NA,NHS Ayrshire and Arran,83881.92857142857,985.0623161862292,918.367927103952,93.25961642511069
2021Q3,p,S08000015,NA,A111H,NA,NA,z,All Acute,d,47624,NA,44411,NA,517.6521739130435,NA,482.7282608695652,NA,93.25340164622878,NA,NHS Ayrshire and Arran,83881.92857142857,985.0623161862292,918.367927103952,93.25961642511069
2021Q3,p,S08000015,NA,A210H,NA,NA,z,All Acute,d,28149,NA,25637,NA,305.9673913043478,NA,278.6630434782609,NA,91.0760595403034,NA,NHS Ayrshire and Arran,83881.92857142857,985.0623161862292,918.367927103952,93.25961642511069
2021Q3,p,S08000015,NA,S08000015,d,NA,z,All Acute,d,90100,NA,82594,NA,979.3478260869564,NA,897.7608695652174,NA,91.669256381798,NA,NHS Ayrshire and Arran,83881.92857142857,985.0623161862292,918.367927103952,93.25961642511069
2020Q1,NA,S08000016,NA,B120H,NA,NA,z,All Acute,d,20506,NA,16181,NA,225.34065934065933,NA,177.8131868131868,NA,78.90861211352774,NA,NHS Borders,18191.571428571428,223.69766492996308,199.18559901106485,88.99351649205374
2020Q1,NA,S08000016,NA,S08000016,d,NA,z,All Acute,d,20597,NA,16272,NA,226.34065934065933,NA,178.8131868131868,NA,79.00179637811333,NA,NHS Borders,18191.571428571428,223.69766492996308,199.18559901106485,88.99351649205374
2020Q2,NA,S08000016,NA,B120H,NA,NA,z,All Acute,d,17048,NA,10533,NA,187.34065934065933,NA,115.74725274725274,NA,61.784373533552326,NA,NHS Borders,18191.571428571428,223.69766492996308,199.18559901106485,88.99351649205374
2020Q2,NA,S08000016,NA,S08000016,d,NA,z,All Acute,d,17048,NA,10533,NA,187.34065934065933,NA,115.74725274725274,NA,61.784373533552326,NA,NHS Borders,18191.571428571428,223.69766492996308,199.18559901106485,88.99351649205374
2020Q3,NA,S08000016,NA,B120H,NA,NA,z,All Acute,d,17104,NA,13436,NA,185.91304347826087,NA,146.04347826086956,NA,78.55472404115996,NA,NHS Borders,18191.571428571428,223.69766492996308,199.18559901106485,88.99351649205374
2020Q3,NA,S08000016,NA,S08000016,d,NA,z,All Acute,d,17104,NA,13436,NA,185.91304347826087,NA,146.04347826086956,NA,78.55472404115996,NA,NHS Borders,18191.571428571428,223.69766492996308,199.18559901106485,88.99351649205374
2020Q4,NA,S08000016,NA,B120H,NA,NA,z,All Acute,d,18074,NA,15500,NA,196.45652173913044,NA,168.47826086956522,NA,85.75854819077128,NA,NHS Borders,18191.571428571428,223.69766492996308,199.18559901106485,88.99351649205374
2020Q4,NA,S08000016,NA,S08000016,d,NA,z,All Acute,d,18074,NA,15500,NA,196.45652173913044,NA,168.47826086956522,NA,85.75854819077128,NA,NHS Borders,18191.571428571428,223.69766492996308,199.18559901106485,88.99351649205374
2021Q1,NA,S08000016,NA,B120H,NA,NA,z,All Acute,d,19997,NA,17052,NA,222.1888888888889,NA,189.46666666666667,NA,85.2727909186378,NA,NHS Borders,18191.571428571428,223.69766492996308,199.18559901106485,88.99351649205374
2021Q1,NA,S08000016,NA,S08000016,d,NA,z,All Acute,d,19997,NA,17052,NA,222.1888888888889,NA,189.46666666666667,NA,85.2727909186378,NA,NHS Borders,18191.571428571428,223.69766492996308,199.18559901106485,88.99351649205374
2021Q2,NA,S08000016,NA,B120H,NA,NA,z,All Acute,d,19678,NA,17745,NA,216.24175824175825,NA,195,NA,90.17684724057322,NA,NHS Borders,18191.571428571428,223.69766492996308,199.18559901106485,88.99351649205374
2021Q2,NA,S08000016,NA,S08000016,d,NA,z,All Acute,d,19678,NA,17745,NA,216.24175824175825,NA,195,NA,90.17684724057322,NA,NHS Borders,18191.571428571428,223.69766492996308,199.18559901106485,88.99351649205374
2021Q3,p,S08000016,NA,B120H,NA,NA,z,All Acute,d,19163,NA,17316,NA,208.29347826086956,NA,188.2173913043478,NA,90.36163439962426,NA,NHS Borders,18191.571428571428,223.69766492996308,199.18559901106485,88.99351649205374
2021Q3,p,S08000016,NA,S08000016,d,NA,z,All Acute,d,19163,NA,17316,NA,208.29347826086956,NA,188.2173913043478,NA,90.36163439962426,NA,NHS Borders,18191.571428571428,223.69766492996308,199.18559901106485,88.99351649205374
2020Q1,NA,S08000017,NA,Y144H,NA,NA,z,All Acute,d,2017,NA,1528,NA,22.164835164835164,NA,16.791208791208792,NA,75.75607337630144,NA,NHS Dumfries and Galloway,29310.285714285714,376.4201812162992,320.8921084264252,85.44501434396264
2020Q1,NA,S08000017,NA,Y146H,NA,NA,z,All Acute,d,25997,NA,23256,NA,285.68131868131866,NA,255.56043956043956,NA,89.45647574720161,NA,NHS Dumfries and Galloway,29310.285714285714,376.4201812162992,320.8921084264252,85.44501434396264
2020Q1,NA,S08000017,NA,S08000017,d,NA,z,All Acute,d,32568,NA,29251,NA,357.8901098901099,NA,321.43956043956047,NA,89.81515598133137,NA,NHS Dumfries and Galloway,29310.285714285714,376.4201812162992,320.8921084264252,85.44501434396264
2020Q2,NA,S08000017,NA,Y144H,NA,NA,z,All Acute,d,2460,NA,827,NA,27.032967032967033,NA,9.087912087912088,NA,33.61788617886179,NA,NHS Dumfries and Galloway,29310.285714285714,376.4201812162992,320.8921084264252,85.44501434396264
2020Q2,NA,S08000017,NA,Y146H,NA,NA,z,All Acute,d,22790,NA,15232,NA,250.43956043956044,NA,167.3846153846154,NA,66.83633172444054,NA,NHS Dumfries and Galloway,29310.285714285714,376.4201812162992,320.8921084264252,85.44501434396264
2020Q2,NA,S08000017,NA,S08000017,d,NA,z,All Acute,d,29382,NA,18643,NA,322.8791208791209,NA,204.86813186813183,NA,63.45041181675855,NA,NHS Dumfries and Galloway,29310.285714285714,376.4201812162992,320.8921084264252,85.44501434396264
2020Q3,NA,S08000017,NA,Y144H,NA,NA,z,All Acute,d,1872,NA,878,NA,20.347826086956523,NA,9.543478260869565,NA,46.9017094017094,NA,NHS Dumfries and Galloway,29310.285714285714,376.4201812162992,320.8921084264252,85.44501434396264
2020Q3,NA,S08000017,NA,Y146H,NA,NA,z,All Acute,d,24515,NA,21774,NA,266.4673913043478,NA,236.67391304347825,NA,88.8190903528452,NA,NHS Dumfries and Galloway,29310.285714285714,376.4201812162992,320.8921084264252,85.44501434396264
2020Q3,NA,S08000017,NA,S08000017,d,NA,z,All Acute,d,32372,NA,26026,NA,351.8695652173913,NA,282.89130434782606,NA,80.39663907080192,NA,NHS Dumfries and Galloway,29310.285714285714,376.4201812162992,320.8921084264252,85.44501434396264
2020Q4,NA,S08000017,NA,Y144H,NA,NA,z,All Acute,d,2063,NA,691,NA,22.42391304347826,NA,7.510869565217392,NA,33.494910324769755,NA,NHS Dumfries and Galloway,29310.285714285714,376.4201812162992,320.8921084264252,85.44501434396264
2020Q4,NA,S08000017,NA,Y146H,NA,NA,z,All Acute,d,24664,NA,22107,NA,268.0869565217391,NA,240.29347826086956,NA,89.63266299059359,NA,NHS Dumfries and Galloway,29310.285714285714,376.4201812162992,320.8921084264252,85.44501434396264
2020Q4,NA,S08000017,NA,S08000017,d,NA,z,All Acute,d,30487,NA,25679,NA,331.3804347826087,NA,279.1195652173913,NA,84.22934365467249,NA,NHS Dumfries and Galloway,29310.285714285714,376.4201812162992,320.8921084264252,85.44501434396264
2021Q1,NA,S08000017,NA,Y144H,NA,NA,z,All Acute,d,1483,NA,520,NA,16.477777777777778,NA,5.777777777777778,NA,35.06405933917735,NA,NHS Dumfries and Galloway,29310.285714285714,376.4201812162992,320.8921084264252,85.44501434396264
2021Q1,NA,S08000017,NA,Y146H,NA,NA,z,All Acute,d,24268,NA,21531,NA,269.64444444444445,NA,239.23333333333332,NA,88.72177352892697,NA,NHS Dumfries and Galloway,29310.285714285714,376.4201812162992,320.8921084264252,85.44501434396264
2021Q1,NA,S08000017,NA,S08000017,d,NA,z,All Acute,d,27215,NA,23420,NA,302.3888888888889,NA,260.22222222222223,NA,86.05548410802865,NA,NHS Dumfries and Galloway,29310.285714285714,376.4201812162992,320.8921084264252,85.44501434396264
2021Q2,NA,S08000017,NA,Y144H,NA,NA,z,All Acute,d,911,NA,167,NA,10.010989010989013,NA,1.835164835164835,NA,18.331503841931944,NA,NHS Dumfries and Galloway,29310.285714285714,376.4201812162992,320.8921084264252,85.44501434396264
2021Q2,NA,S08000017,NA,Y146H,NA,NA,z,All Acute,d,24895,NA,22846,NA,273.57142857142856,NA,251.05494505494505,NA,91.76943161277366,NA,NHS Dumfries and Galloway,29310.285714285714,376.4201812162992,320.8921084264252,85.44501434396264
2021Q2,NA,S08000017,NA,S08000017,d,NA,z,All Acute,d,27127,NA,24302,NA,298.0989010989011,NA,267.05494505494505,NA,89.58602130718472,NA,NHS Dumfries and Galloway,29310.285714285714,376.4201812162992,320.8921084264252,85.44501434396264
2021Q3,p,S08000017,NA,Y144H,NA,NA,z,All Acute,d,403,NA,56,NA,4.380434782608695,NA,0.6086956521739131,NA,13.895781637717125,NA,NHS Dumfries and Galloway,29310.285714285714,376.4201812162992,320.8921084264252,85.44501434396264
2021Q3,p,S08000017,NA,Y146H,NA,NA,z,All Acute,d,26722,NA,24500,NA,290.45652173913044,NA,266.30434782608694,NA,91.68475413516953,NA,NHS Dumfries and Galloway,29310.285714285714,376.4201812162992,320.8921084264252,85.44501434396264
2021Q3,p,S08000017,NA,S08000017,d,NA,z,All Acute,d,28413,NA,25834,NA,308.8369565217391,NA,280.80434782608694,NA,90.92316897194944,NA,NHS Dumfries and Galloway,29310.285714285714,376.4201812162992,320.8921084264252,85.44501434396264
2020Q1,NA,S08000029,NA,F704H,NA,NA,z,All Acute,d,46263,NA,38001,NA,508.38461538461536,NA,417.5934065934066,NA,82.1412359769146,NA,NHS Fife,56053,713.4896129577807,613.6497438551786,86.00831257293821
2020Q1,NA,S08000029,NA,F805H,NA,NA,z,All Acute,d,7333,NA,6172,NA,80.58241758241758,NA,67.82417582417582,NA,84.16746215737079,NA,NHS Fife,56053,713.4896129577807,613.6497438551786,86.00831257293821
2020Q1,NA,S08000029,NA,S08000029,d,NA,z,All Acute,d,66126,NA,55447,NA,726.6593406593406,NA,609.3076923076923,NA,83.85052778029822,NA,NHS Fife,56053,713.4896129577807,613.6497438551786,86.00831257293821
2020Q2,NA,S08000029,NA,F704H,NA,NA,z,All Acute,d,48375,NA,26515,NA,531.5934065934066,NA,291.3736263736264,NA,54.81136950904393,NA,NHS Fife,56053,713.4896129577807,613.6497438551786,86.00831257293821
2020Q2,NA,S08000029,NA,F805H,NA,NA,z,All Acute,d,8543,NA,4090,NA,93.87912087912088,NA,44.94505494505494,NA,47.87545358773265,NA,NHS Fife,56053,713.4896129577807,613.6497438551786,86.00831257293821
2020Q2,NA,S08000029,NA,S08000029,d,NA,z,All Acute,d,68606,NA,38828,NA,753.9120879120879,NA,426.68131868131866,NA,56.5956330350115,NA,NHS Fife,56053,713.4896129577807,613.6497438551786,86.00831257293821
2020Q3,NA,S08000029,NA,F704H,NA,NA,z,All Acute,d,49300,NA,33612,NA,535.8695652173913,NA,365.3478260869565,NA,68.17849898580121,NA,NHS Fife,56053,713.4896129577807,613.6497438551786,86.00831257293821
2020Q3,NA,S08000029,NA,F805H,NA,NA,z,All Acute,d,8170,NA,4271,NA,88.80434782608695,NA,46.42391304347826,NA,52.276621787025704,NA,NHS Fife,56053,713.4896129577807,613.6497438551786,86.00831257293821
2020Q3,NA,S08000029,NA,S08000029,d,NA,z,All Acute,d,68662,NA,46728,NA,746.3260869565217,NA,507.9130434782609,NA,68.05511054149311,NA,NHS Fife,56053,713.4896129577807,613.6497438551786,86.00831257293821
2020Q4,NA,S08000029,NA,F704H,NA,NA,z,All Acute,d,49697,NA,35638,NA,540.1847826086956,NA,387.3695652173913,NA,71.71056603014266,NA,NHS Fife,56053,713.4896129577807,613.6497438551786,86.00831257293821
2020Q4,NA,S08000029,NA,F805H,NA,NA,z,All Acute,d,8107,NA,5064,NA,88.1195652173913,NA,55.04347826086956,NA,62.464536820032066,NA,NHS Fife,56053,713.4896129577807,613.6497438551786,86.00831257293821
2020Q4,NA,S08000029,NA,S08000029,d,NA,z,All Acute,d,68871,NA,49419,NA,748.5978260869565,NA,537.1630434782609,NA,71.75589144923117,NA,NHS Fife,56053,713.4896129577807,613.6497438551786,86.00831257293821
2021Q1,NA,S08000029,NA,F704H,NA,NA,z,All Acute,d,48456,NA,35557,NA,538.4,NA,395.0777777777778,NA,73.37997358428265,NA,NHS Fife,56053,713.4896129577807,613.6497438551786,86.00831257293821
2021Q1,NA,S08000029,NA,F805H,NA,NA,z,All Acute,d,7914,NA,5451,NA,87.93333333333334,NA,60.56666666666667,NA,68.87793783169067,NA,NHS Fife,56053,713.4896129577807,613.6497438551786,86.00831257293821
2021Q1,NA,S08000029,NA,S08000029,d,NA,z,All Acute,d,67267,NA,49645,NA,747.4111111111112,NA,551.6111111111111,NA,73.8029048418987,NA,NHS Fife,56053,713.4896129577807,613.6497438551786,86.00831257293821
2021Q2,NA,S08000029,NA,F704H,NA,NA,z,All Acute,d,48822,NA,36190,NA,536.5054945054945,NA,397.6923076923077,NA,74.12641841792635,NA,NHS Fife,56053,713.4896129577807,613.6497438551786,86.00831257293821
2021Q2,NA,S08000029,NA,F805H,NA,NA,z,All Acute,d,8121,NA,4609,NA,89.24175824175825,NA,50.64835164835165,NA,56.7540943233592,NA,NHS Fife,56053,713.4896129577807,613.6497438551786,86.00831257293821
2021Q2,NA,S08000029,NA,S08000029,d,NA,z,All Acute,d,68234,NA,49915,NA,749.8241758241758,NA,548.5164835164835,NA,73.15268048187122,NA,NHS Fife,56053,713.4896129577807,613.6497438551786,86.00831257293821
2021Q3,p,S08000029,NA,F704H,NA,NA,z,All Acute,d,49587,NA,37740,NA,538.9891304347826,NA,410.2173913043478,NA,76.1086575110412,NA,NHS Fife,56053,713.4896129577807,613.6497438551786,86.00831257293821
2021Q3,p,S08000029,NA,F805H,NA,NA,z,All Acute,d,9511,NA,5462,NA,103.3804347826087,NA,59.369565217391305,NA,57.42824098412365,NA,NHS Fife,56053,713.4896129577807,613.6497438551786,86.00831257293821
2021Q3,p,S08000029,NA,S08000029,d,NA,z,All Acute,d,70633,NA,52623,NA,767.75,NA,571.9891304347826,NA,74.50200331289906,NA,NHS Fife,56053,713.4896129577807,613.6497438551786,86.00831257293821
2020Q1,NA,S08000019,NA,V217H,NA,NA,z,All Acute,d,58596,NA,41849,NA,643.9120879120879,NA,459.8791208791209,NA,71.41955082258174,NA,NHS Forth Valley,52277.642857142855,657.9738614732404,572.3269153034681,87.65881735957088
2020Q1,NA,S08000019,NA,S08000019,d,NA,z,All Acute,d,70464,NA,51529,NA,774.3296703296703,NA,566.2527472527472,NA,73.1281221616712,NA,NHS Forth Valley,52277.642857142855,657.9738614732404,572.3269153034681,87.65881735957088
2020Q2,NA,S08000019,NA,V217H,NA,NA,z,All Acute,d,56873,NA,28350,NA,624.978021978022,NA,311.53846153846155,NA,49.84790673957766,NA,NHS Forth Valley,52277.642857142855,657.9738614732404,572.3269153034681,87.65881735957088
2020Q2,NA,S08000019,NA,S08000019,d,NA,z,All Acute,d,70658,NA,37603,NA,776.4615384615385,NA,413.2197802197802,NA,53.218319227829824,NA,NHS Forth Valley,52277.642857142855,657.9738614732404,572.3269153034681,87.65881735957088
2020Q3,NA,S08000019,NA,V217H,NA,NA,z,All Acute,d,49912,NA,35242,NA,542.5217391304348,NA,383.0652173913044,NA,70.6082705561789,NA,NHS Forth Valley,52277.642857142855,657.9738614732404,572.3269153034681,87.65881735957088
2020Q3,NA,S08000019,NA,S08000019,d,NA,z,All Acute,d,63967,NA,45772,NA,695.2934782608696,NA,497.5217391304348,NA,71.55564587990682,NA,NHS Forth Valley,52277.642857142855,657.9738614732404,572.3269153034681,87.65881735957088
2020Q4,NA,S08000019,NA,V217H,NA,NA,z,All Acute,d,50060,NA,38480,NA,544.1304347826087,NA,418.2608695652174,NA,76.86775868957251,NA,NHS Forth Valley,52277.642857142855,657.9738614732404,572.3269153034681,87.65881735957088
2020Q4,NA,S08000019,NA,S08000019,d,NA,z,All Acute,d,64137,NA,49161,NA,697.1413043478261,NA,534.3586956521739,NA,76.6499836287946,NA,NHS Forth Valley,52277.642857142855,657.9738614732404,572.3269153034681,87.65881735957088
2021Q1,NA,S08000019,NA,V217H,NA,NA,z,All Acute,d,50502,NA,40156,NA,561.1333333333333,NA,446.1777777777778,NA,79.51368262643064,NA,NHS Forth Valley,52277.642857142855,657.9738614732404,572.3269153034681,87.65881735957088
2021Q1,NA,S08000019,NA,S08000019,d,NA,z,All Acute,d,64250,NA,49672,NA,713.8888888888889,NA,551.9111111111112,NA,77.31050583657589,NA,NHS Forth Valley,52277.642857142855,657.9738614732404,572.3269153034681,87.65881735957088
2021Q2,NA,S08000019,NA,V217H,NA,NA,z,All Acute,d,50866,NA,40027,NA,558.967032967033,NA,439.8571428571428,NA,78.69107065623402,NA,NHS Forth Valley,52277.642857142855,657.9738614732404,572.3269153034681,87.65881735957088
2021Q2,NA,S08000019,NA,S08000019,d,NA,z,All Acute,d,64570,NA,48336,NA,709.5604395604396,NA,531.1648351648352,NA,74.85829332507356,NA,NHS Forth Valley,52277.642857142855,657.9738614732404,572.3269153034681,87.65881735957088
2021Q3,p,S08000019,NA,V217H,NA,NA,z,All Acute,d,52149,NA,41974,NA,566.8369565217391,NA,456.2391304347826,NA,80.48859997315385,NA,NHS Forth Valley,52277.642857142855,657.9738614732404,572.3269153034681,87.65881735957088
2021Q3,p,S08000019,NA,S08000019,d,NA,z,All Acute,d,66874,NA,49704,NA,726.8913043478261,NA,540.2608695652174,NA,74.32484971737895,NA,NHS Forth Valley,52277.642857142855,657.9738614732404,572.3269153034681,87.65881735957088
2020Q1,NA,S08000020,NA,N101H,NA,NA,z,All Acute,d,67083,NA,54950,NA,737.1758241758242,NA,603.8461538461538,NA,81.91345050161739,NA,NHS Grampian,82787.57142857143,1072.2852086319476,906.3640102306251,84.51053063865407
2020Q1,NA,S08000020,NA,N411H,NA,NA,z,All Acute,d,10671,NA,8923,NA,117.26373626373626,NA,98.05494505494504,NA,83.61915471839565,NA,NHS Grampian,82787.57142857143,1072.2852086319476,906.3640102306251,84.51053063865407
2020Q1,NA,S08000020,NA,T312H,NA,NA,z,All Acute,d,91,NA,91,NA,1,NA,1,NA,100,NA,NHS Grampian,82787.57142857143,1072.2852086319476,906.3640102306251,84.51053063865407
2020Q1,NA,S08000020,NA,S08000020,d,NA,z,All Acute,d,101339,NA,81378,NA,1113.6153846153843,NA,894.2637362637363,NA,80.302746228007,NA,NHS Grampian,82787.57142857143,1072.2852086319476,906.3640102306251,84.51053063865407
2020Q2,NA,S08000020,NA,N101H,NA,NA,z,All Acute,d,56004,NA,37468,NA,615.4285714285714,NA,411.7362637362637,NA,66.90236411684879,NA,NHS Grampian,82787.57142857143,1072.2852086319476,906.3640102306251,84.51053063865407
2020Q2,NA,S08000020,NA,N411H,NA,NA,z,All Acute,d,9876,NA,5336,NA,108.52747252747253,NA,58.637362637362635,NA,54.029971648440664,NA,NHS Grampian,82787.57142857143,1072.2852086319476,906.3640102306251,84.51053063865407
2020Q2,NA,S08000020,NA,S08000020,d,NA,z,All Acute,d,84593,NA,56045,NA,929.5934065934066,NA,615.8791208791209,NA,66.25252680481837,NA,NHS Grampian,82787.57142857143,1072.2852086319476,906.3640102306251,84.51053063865407
2020Q3,NA,S08000020,NA,N101H,NA,NA,z,All Acute,d,55508,NA,44223,NA,603.3478260869565,NA,480.6847826086956,NA,79.66959717518195,NA,NHS Grampian,82787.57142857143,1072.2852086319476,906.3640102306251,84.51053063865407
2020Q3,NA,S08000020,NA,N411H,NA,NA,z,All Acute,d,8555,NA,6572,NA,92.9891304347826,NA,71.43478260869566,NA,76.82057276446524,NA,NHS Grampian,82787.57142857143,1072.2852086319476,906.3640102306251,84.51053063865407
2020Q3,NA,S08000020,NA,S08000020,d,NA,z,All Acute,d,82848,NA,65561,NA,900.5217391304348,NA,712.6195652173913,NA,79.13407686365392,NA,NHS Grampian,82787.57142857143,1072.2852086319476,906.3640102306251,84.51053063865407
2020Q4,NA,S08000020,NA,N101H,NA,NA,z,All Acute,d,56804,NA,47660,NA,617.4347826086956,NA,518.0434782608696,NA,83.90254207450181,NA,NHS Grampian,82787.57142857143,1072.2852086319476,906.3640102306251,84.51053063865407
2020Q4,NA,S08000020,NA,N411H,NA,NA,z,All Acute,d,8949,NA,6850,NA,97.27173913043478,NA,74.45652173913044,NA,76.54486534808359,NA,NHS Grampian,82787.57142857143,1072.2852086319476,906.3640102306251,84.51053063865407
2020Q4,NA,S08000020,NA,S08000020,d,NA,z,All Acute,d,83366,NA,67419,NA,906.1521739130436,NA,732.8152173913044,NA,80.87109852937648,NA,NHS Grampian,82787.57142857143,1072.2852086319476,906.3640102306251,84.51053063865407
2021Q1,NA,S08000020,NA,N101H,NA,NA,z,All Acute,d,60840,NA,52237,NA,676,NA,580.4111111111112,NA,85.8596318211703,NA,NHS Grampian,82787.57142857143,1072.2852086319476,906.3640102306251,84.51053063865407
2021Q1,NA,S08000020,NA,N411H,NA,NA,z,All Acute,d,8728,NA,7100,NA,96.97777777777776,NA,78.88888888888889,NA,81.3473877176902,NA,NHS Grampian,82787.57142857143,1072.2852086319476,906.3640102306251,84.51053063865407
2021Q1,NA,S08000020,NA,S08000020,d,NA,z,All Acute,d,87462,NA,72246,NA,971.8,NA,802.7333333333333,NA,82.60273032859985,NA,NHS Grampian,82787.57142857143,1072.2852086319476,906.3640102306251,84.51053063865407
2021Q2,NA,S08000020,NA,N101H,NA,NA,z,All Acute,d,59179,NA,51553,NA,650.3186813186813,NA,566.5164835164835,NA,87.11367207962284,NA,NHS Grampian,82787.57142857143,1072.2852086319476,906.3640102306251,84.51053063865407
2021Q2,NA,S08000020,NA,N411H,NA,NA,z,All Acute,d,8318,NA,7138,NA,91.4065934065934,NA,78.43956043956044,NA,85.81389757153161,NA,NHS Grampian,82787.57142857143,1072.2852086319476,906.3640102306251,84.51053063865407
2021Q2,NA,S08000020,NA,T312H,NA,NA,z,All Acute,d,25,NA,25,NA,0.27472527472527475,NA,0.27472527472527475,NA,100,NA,NHS Grampian,82787.57142857143,1072.2852086319476,906.3640102306251,84.51053063865407
2021Q2,NA,S08000020,NA,S08000020,d,NA,z,All Acute,d,85189,NA,72726,NA,936.1428571428572,NA,799.1868131868132,NA,85.37017690077357,NA,NHS Grampian,82787.57142857143,1072.2852086319476,906.3640102306251,84.51053063865407
2021Q3,p,S08000020,NA,N101H,NA,NA,z,All Acute,d,61249,NA,53277,NA,665.75,NA,579.0978260869565,NA,86.98427729432316,NA,NHS Grampian,82787.57142857143,1072.2852086319476,906.3640102306251,84.51053063865407
2021Q3,p,S08000020,NA,N411H,NA,NA,z,All Acute,d,7858,NA,7273,NA,85.41304347826087,NA,79.05434782608695,NA,92.555357597353,NA,NHS Grampian,82787.57142857143,1072.2852086319476,906.3640102306251,84.51053063865407
2021Q3,p,S08000020,NA,S08000020,d,NA,z,All Acute,d,87180,NA,75481,NA,947.608695652174,NA,820.445652173913,NA,86.58063776095435,NA,NHS Grampian,82787.57142857143,1072.2852086319476,906.3640102306251,84.51053063865407
2020Q1,NA,S08000031,NA,C206H,NA,NA,z,All Acute,d,7350,NA,6037,NA,80.76923076923077,NA,66.34065934065934,NA,82.1360544217687,NA,NHS Greater Glasgow and Clyde,312821.14285714284,3931.468261362516,3424.745135333955,87.11692361689023
2020Q1,NA,S08000031,NA,C313H,NA,NA,z,All Acute,d,27080,NA,24083,NA,297.5824175824176,NA,264.64835164835165,NA,88.9327917282127,NA,NHS Greater Glasgow and Clyde,312821.14285714284,3931.468261362516,3424.745135333955,87.11692361689023
2020Q1,NA,S08000031,NA,C418H,NA,NA,z,All Acute,d,46364,NA,40094,NA,509.4945054945055,NA,440.5934065934066,NA,86.47657665430076,NA,NHS Greater Glasgow and Clyde,312821.14285714284,3931.468261362516,3424.745135333955,87.11692361689023
2020Q1,NA,S08000031,NA,G107H,NA,NA,z,All Acute,d,81416,NA,70288,NA,894.6813186813187,NA,772.3956043956044,NA,86.33192492876094,NA,NHS Greater Glasgow and Clyde,312821.14285714284,3931.468261362516,3424.745135333955,87.11692361689023
2020Q1,NA,S08000031,NA,G207H,NA,NA,z,All Acute,d,4563,NA,4511,NA,50.142857142857146,NA,49.57142857142857,NA,98.86039886039885,NA,NHS Greater Glasgow and Clyde,312821.14285714284,3931.468261362516,3424.745135333955,87.11692361689023
2020Q1,NA,S08000031,NA,G306H,NA,NA,z,All Acute,d,4991,NA,4928,NA,54.84615384615385,NA,54.15384615384615,NA,98.73772791023842,NA,NHS Greater Glasgow and Clyde,312821.14285714284,3931.468261362516,3424.745135333955,87.11692361689023
2020Q1,NA,S08000031,NA,G405H,NA,NA,z,All Acute,d,132518,NA,113764,NA,1456.241758241758,NA,1250.1538461538462,NA,85.84796027709444,NA,NHS Greater Glasgow and Clyde,312821.14285714284,3931.468261362516,3424.745135333955,87.11692361689023
2020Q1,NA,S08000031,NA,G516H,NA,NA,z,All Acute,d,34430,NA,29156,NA,378.3516483516483,NA,320.3956043956044,NA,84.68196340400813,NA,NHS Greater Glasgow and Clyde,312821.14285714284,3931.468261362516,3424.745135333955,87.11692361689023
2020Q1,NA,S08000031,NA,S08000031,d,NA,z,All Acute,d,356519,NA,305839,NA,3917.7912087912086,NA,3360.868131868132,NA,85.78476883419958,NA,NHS Greater Glasgow and Clyde,312821.14285714284,3931.468261362516,3424.745135333955,87.11692361689023
2020Q2,NA,S08000031,NA,C206H,NA,NA,z,All Acute,d,8421,NA,4221,NA,92.53846153846152,NA,46.38461538461539,NA,50.12468827930176,NA,NHS Greater Glasgow and Clyde,312821.14285714284,3931.468261362516,3424.745135333955,87.11692361689023
2020Q2,NA,S08000031,NA,C313H,NA,NA,z,All Acute,d,22262,NA,15878,NA,244.63736263736263,NA,174.4835164835165,NA,71.32333123708563,NA,NHS Greater Glasgow and Clyde,312821.14285714284,3931.468261362516,3424.745135333955,87.11692361689023
2020Q2,NA,S08000031,NA,C418H,NA,NA,z,All Acute,d,43042,NA,29633,NA,472.989010989011,NA,325.6373626373626,NA,68.84670786673482,NA,NHS Greater Glasgow and Clyde,312821.14285714284,3931.468261362516,3424.745135333955,87.11692361689023
2020Q2,NA,S08000031,NA,D102H,NA,NA,z,All Acute,d,60,NA,60,NA,0.6593406593406593,NA,0.6593406593406593,NA,100,NA,NHS Greater Glasgow and Clyde,312821.14285714284,3931.468261362516,3424.745135333955,87.11692361689023
2020Q2,NA,S08000031,NA,G107H,NA,NA,z,All Acute,d,70081,NA,48371,NA,770.1208791208791,NA,531.5494505494505,NA,69.02156076540004,NA,NHS Greater Glasgow and Clyde,312821.14285714284,3931.468261362516,3424.745135333955,87.11692361689023
2020Q2,NA,S08000031,NA,G207H,NA,NA,z,All Acute,d,4357,NA,4148,NA,47.87912087912088,NA,45.582417582417584,NA,95.20312141381686,NA,NHS Greater Glasgow and Clyde,312821.14285714284,3931.468261362516,3424.745135333955,87.11692361689023
2020Q2,NA,S08000031,NA,G306H,NA,NA,z,All Acute,d,4419,NA,3567,NA,48.56043956043956,NA,39.1978021978022,NA,80.71961982348948,NA,NHS Greater Glasgow and Clyde,312821.14285714284,3931.468261362516,3424.745135333955,87.11692361689023
2020Q2,NA,S08000031,NA,G405H,NA,NA,z,All Acute,d,128526,NA,86815,NA,1412.3736263736264,NA,954.010989010989,NA,67.5466442587492,NA,NHS Greater Glasgow and Clyde,312821.14285714284,3931.468261362516,3424.745135333955,87.11692361689023
2020Q2,NA,S08000031,NA,G516H,NA,NA,z,All Acute,d,27609,NA,15604,NA,303.3956043956044,NA,171.47252747252747,NA,56.517802165960376,NA,NHS Greater Glasgow and Clyde,312821.14285714284,3931.468261362516,3424.745135333955,87.11692361689023
2020Q2,NA,S08000031,NA,S08000031,d,NA,z,All Acute,d,325237,NA,217779,NA,3574.032967032967,NA,2393.1758241758243,NA,66.9600937162746,NA,NHS Greater Glasgow and Clyde,312821.14285714284,3931.468261362516,3424.745135333955,87.11692361689023
2020Q3,NA,S08000031,NA,C206H,NA,NA,z,All Acute,d,7318,NA,4762,NA,79.54347826086956,NA,51.76086956521739,NA,65.07242415960644,NA,NHS Greater Glasgow and Clyde,312821.14285714284,3931.468261362516,3424.745135333955,87.11692361689023
2020Q3,NA,S08000031,NA,C313H,NA,NA,z,All Acute,d,22661,NA,18527,NA,246.31521739130432,NA,201.3804347826087,NA,81.75720400688408,NA,NHS Greater Glasgow and Clyde,312821.14285714284,3931.468261362516,3424.745135333955,87.11692361689023
2020Q3,NA,S08000031,NA,C418H,NA,NA,z,All Acute,d,42165,NA,36119,NA,458.3152173913044,NA,392.5978260869565,NA,85.66109332384679,NA,NHS Greater Glasgow and Clyde,312821.14285714284,3931.468261362516,3424.745135333955,87.11692361689023
2020Q3,NA,S08000031,NA,D102H,NA,NA,z,All Acute,d,203,NA,203,NA,2.2065217391304346,NA,2.2065217391304346,NA,100,NA,NHS Greater Glasgow and Clyde,312821.14285714284,3931.468261362516,3424.745135333955,87.11692361689023
2020Q3,NA,S08000031,NA,G107H,NA,NA,z,All Acute,d,75889,NA,62871,NA,824.8804347826087,NA,683.3804347826087,NA,82.84599876134881,NA,NHS Greater Glasgow and Clyde,312821.14285714284,3931.468261362516,3424.745135333955,87.11692361689023
2020Q3,NA,S08000031,NA,G207H,NA,NA,z,All Acute,d,4439,NA,4291,NA,48.25,NA,46.641304347826086,NA,96.66591574678982,NA,NHS Greater Glasgow and Clyde,312821.14285714284,3931.468261362516,3424.745135333955,87.11692361689023
2020Q3,NA,S08000031,NA,G306H,NA,NA,z,All Acute,d,4442,NA,4215,NA,48.28260869565217,NA,45.81521739130435,NA,94.88968932913104,NA,NHS Greater Glasgow and Clyde,312821.14285714284,3931.468261362516,3424.745135333955,87.11692361689023
2020Q3,NA,S08000031,NA,G405H,NA,NA,z,All Acute,d,133551,NA,108956,NA,1451.641304347826,NA,1184.304347826087,NA,81.58381442295453,NA,NHS Greater Glasgow and Clyde,312821.14285714284,3931.468261362516,3424.745135333955,87.11692361689023
2020Q3,NA,S08000031,NA,G516H,NA,NA,z,All Acute,d,26752,NA,20580,NA,290.7826086956522,NA,223.69565217391303,NA,76.92882775119617,NA,NHS Greater Glasgow and Clyde,312821.14285714284,3931.468261362516,3424.745135333955,87.11692361689023
2020Q3,NA,S08000031,NA,S08000031,d,NA,z,All Acute,d,334634,NA,271160,NA,3637.3260869565215,NA,2947.391304347826,NA,81.03181386230928,NA,NHS Greater Glasgow and Clyde,312821.14285714284,3931.468261362516,3424.745135333955,87.11692361689023
2020Q4,NA,S08000031,NA,C206H,NA,NA,z,All Acute,d,7085,NA,5386,NA,77.01086956521739,NA,58.54347826086956,NA,76.0197600564573,NA,NHS Greater Glasgow and Clyde,312821.14285714284,3931.468261362516,3424.745135333955,87.11692361689023
2020Q4,NA,S08000031,NA,C313H,NA,NA,z,All Acute,d,24351,NA,20457,NA,264.6847826086956,NA,222.3586956521739,NA,84.00887027226808,NA,NHS Greater Glasgow and Clyde,312821.14285714284,3931.468261362516,3424.745135333955,87.11692361689023
2020Q4,NA,S08000031,NA,C418H,NA,NA,z,All Acute,d,43842,NA,38622,NA,476.5434782608696,NA,419.80434782608694,NA,88.09360886820856,NA,NHS Greater Glasgow and Clyde,312821.14285714284,3931.468261362516,3424.745135333955,87.11692361689023
2020Q4,NA,S08000031,NA,G107H,NA,NA,z,All Acute,d,81988,NA,68656,NA,891.1739130434783,NA,746.2608695652174,NA,83.73908376835635,NA,NHS Greater Glasgow and Clyde,312821.14285714284,3931.468261362516,3424.745135333955,87.11692361689023
2020Q4,NA,S08000031,NA,G207H,NA,NA,z,All Acute,d,4648,NA,4452,NA,50.52173913043478,NA,48.391304347826086,NA,95.78313253012048,NA,NHS Greater Glasgow and Clyde,312821.14285714284,3931.468261362516,3424.745135333955,87.11692361689023
2020Q4,NA,S08000031,NA,G306H,NA,NA,z,All Acute,d,4801,NA,4584,NA,52.18478260869565,NA,49.82608695652174,NA,95.4801083107686,NA,NHS Greater Glasgow and Clyde,312821.14285714284,3931.468261362516,3424.745135333955,87.11692361689023
2020Q4,NA,S08000031,NA,G405H,NA,NA,z,All Acute,d,132871,NA,111967,NA,1444.25,NA,1217.0326086956522,NA,84.26744737376855,NA,NHS Greater Glasgow and Clyde,312821.14285714284,3931.468261362516,3424.745135333955,87.11692361689023
2020Q4,NA,S08000031,NA,G516H,NA,NA,z,All Acute,d,27228,NA,19790,NA,295.95652173913044,NA,215.1086956521739,NA,72.68253268693992,NA,NHS Greater Glasgow and Clyde,312821.14285714284,3931.468261362516,3424.745135333955,87.11692361689023
2020Q4,NA,S08000031,NA,S08000031,d,NA,z,All Acute,d,344669,NA,285152,NA,3746.402173913043,NA,3099.478260869565,NA,82.73212850589987,NA,NHS Greater Glasgow and Clyde,312821.14285714284,3931.468261362516,3424.745135333955,87.11692361689023
2021Q1,NA,S08000031,NA,C206H,NA,NA,z,All Acute,d,7118,NA,6274,NA,79.08888888888889,NA,69.71111111111111,NA,88.14273672379882,NA,NHS Greater Glasgow and Clyde,312821.14285714284,3931.468261362516,3424.745135333955,87.11692361689023
2021Q1,NA,S08000031,NA,C313H,NA,NA,z,All Acute,d,24826,NA,21188,NA,275.84444444444443,NA,235.42222222222225,NA,85.34600821719167,NA,NHS Greater Glasgow and Clyde,312821.14285714284,3931.468261362516,3424.745135333955,87.11692361689023
2021Q1,NA,S08000031,NA,C418H,NA,NA,z,All Acute,d,43987,NA,39093,NA,488.74444444444447,NA,434.3666666666667,NA,88.87398549571463,NA,NHS Greater Glasgow and Clyde,312821.14285714284,3931.468261362516,3424.745135333955,87.11692361689023
2021Q1,NA,S08000031,NA,G107H,NA,NA,z,All Acute,d,78599,NA,66631,NA,873.3222222222222,NA,740.3444444444444,NA,84.77334317230499,NA,NHS Greater Glasgow and Clyde,312821.14285714284,3931.468261362516,3424.745135333955,87.11692361689023
2021Q1,NA,S08000031,NA,G207H,NA,NA,z,All Acute,d,4406,NA,4244,NA,48.95555555555555,NA,47.15555555555556,NA,96.32319564230596,NA,NHS Greater Glasgow and Clyde,312821.14285714284,3931.468261362516,3424.745135333955,87.11692361689023
2021Q1,NA,S08000031,NA,G306H,NA,NA,z,All Acute,d,5147,NA,5011,NA,57.18888888888889,NA,55.67777777777778,NA,97.35768408781814,NA,NHS Greater Glasgow and Clyde,312821.14285714284,3931.468261362516,3424.745135333955,87.11692361689023
2021Q1,NA,S08000031,NA,G405H,NA,NA,z,All Acute,d,130297,NA,110567,NA,1447.7444444444443,NA,1228.522222222222,NA,84.85767132013783,NA,NHS Greater Glasgow and Clyde,312821.14285714284,3931.468261362516,3424.745135333955,87.11692361689023
2021Q1,NA,S08000031,NA,G516H,NA,NA,z,All Acute,d,26970,NA,20913,NA,299.6666666666667,NA,232.36666666666667,NA,77.54171301446051,NA,NHS Greater Glasgow and Clyde,312821.14285714284,3931.468261362516,3424.745135333955,87.11692361689023
2021Q1,NA,S08000031,NA,S08000031,d,NA,z,All Acute,d,338625,NA,285019,NA,3762.5,NA,3166.8777777777777,NA,84.16950904392765,NA,NHS Greater Glasgow and Clyde,312821.14285714284,3931.468261362516,3424.745135333955,87.11692361689023
2021Q2,NA,S08000031,NA,C206H,NA,NA,z,All Acute,d,7267,NA,6220,NA,79.85714285714286,NA,68.35164835164835,NA,85.5924040181643,NA,NHS Greater Glasgow and Clyde,312821.14285714284,3931.468261362516,3424.745135333955,87.11692361689023
2021Q2,NA,S08000031,NA,C313H,NA,NA,z,All Acute,d,24815,NA,21891,NA,272.6923076923077,NA,240.56043956043956,NA,88.21680435220634,NA,NHS Greater Glasgow and Clyde,312821.14285714284,3931.468261362516,3424.745135333955,87.11692361689023
2021Q2,NA,S08000031,NA,C418H,NA,NA,z,All Acute,d,43500,NA,39418,NA,478.0219780219781,NA,433.1648351648351,NA,90.61609195402298,NA,NHS Greater Glasgow and Clyde,312821.14285714284,3931.468261362516,3424.745135333955,87.11692361689023
2021Q2,NA,S08000031,NA,G107H,NA,NA,z,All Acute,d,79755,NA,68679,NA,876.4285714285714,NA,754.7142857142857,NA,86.1124694376528,NA,NHS Greater Glasgow and Clyde,312821.14285714284,3931.468261362516,3424.745135333955,87.11692361689023
2021Q2,NA,S08000031,NA,G207H,NA,NA,z,All Acute,d,4560,NA,4508,NA,50.10989010989011,NA,49.53846153846154,NA,98.85964912280704,NA,NHS Greater Glasgow and Clyde,312821.14285714284,3931.468261362516,3424.745135333955,87.11692361689023
2021Q2,NA,S08000031,NA,G306H,NA,NA,z,All Acute,d,4446,NA,4291,NA,48.857142857142854,NA,47.15384615384615,NA,96.51372019793072,NA,NHS Greater Glasgow and Clyde,312821.14285714284,3931.468261362516,3424.745135333955,87.11692361689023
2021Q2,NA,S08000031,NA,G405H,NA,NA,z,All Acute,d,132777,NA,114864,NA,1459.0879120879122,NA,1262.241758241758,NA,86.50895862988317,NA,NHS Greater Glasgow and Clyde,312821.14285714284,3931.468261362516,3424.745135333955,87.11692361689023
2021Q2,NA,S08000031,NA,G516H,NA,NA,z,All Acute,d,27313,NA,21985,NA,300.14285714285717,NA,241.5934065934066,NA,80.49280562369567,NA,NHS Greater Glasgow and Clyde,312821.14285714284,3931.468261362516,3424.745135333955,87.11692361689023
2021Q2,NA,S08000031,NA,S08000031,d,NA,z,All Acute,d,342122,NA,294186,NA,3759.5824175824177,NA,3232.813186813187,NA,85.98862394116719,NA,NHS Greater Glasgow and Clyde,312821.14285714284,3931.468261362516,3424.745135333955,87.11692361689023
2021Q3,p,S08000031,NA,C206H,NA,NA,z,All Acute,d,7549,NA,6527,NA,82.05434782608695,NA,70.94565217391305,NA,86.46178301761823,NA,NHS Greater Glasgow and Clyde,312821.14285714284,3931.468261362516,3424.745135333955,87.11692361689023
2021Q3,p,S08000031,NA,C313H,NA,NA,z,All Acute,d,25049,NA,21968,NA,272.2717391304348,NA,238.7826086956522,NA,87.70010778873407,NA,NHS Greater Glasgow and Clyde,312821.14285714284,3931.468261362516,3424.745135333955,87.11692361689023
2021Q3,p,S08000031,NA,C418H,NA,NA,z,All Acute,d,45414,NA,41574,NA,493.6304347826087,NA,451.89130434782606,NA,91.54445765622935,NA,NHS Greater Glasgow and Clyde,312821.14285714284,3931.468261362516,3424.745135333955,87.11692361689023
2021Q3,p,S08000031,NA,G107H,NA,NA,z,All Acute,d,81433,NA,71757,NA,885.1413043478261,NA,779.9673913043479,NA,88.11783920523621,NA,NHS Greater Glasgow and Clyde,312821.14285714284,3931.468261362516,3424.745135333955,87.11692361689023
2021Q3,p,S08000031,NA,G207H,NA,NA,z,All Acute,d,4565,NA,4514,NA,49.619565217391305,NA,49.06521739130435,NA,98.88280394304492,NA,NHS Greater Glasgow and Clyde,312821.14285714284,3931.468261362516,3424.745135333955,87.11692361689023
2021Q3,p,S08000031,NA,G306H,NA,NA,z,All Acute,d,4880,NA,4831,NA,53.04347826086956,NA,52.51086956521739,NA,98.99590163934428,NA,NHS Greater Glasgow and Clyde,312821.14285714284,3931.468261362516,3424.745135333955,87.11692361689023
2021Q3,p,S08000031,NA,G405H,NA,NA,z,All Acute,d,133433,NA,118823,NA,1450.358695652174,NA,1291.554347826087,NA,89.05068461325159,NA,NHS Greater Glasgow and Clyde,312821.14285714284,3931.468261362516,3424.745135333955,87.11692361689023
2021Q3,p,S08000031,NA,G516H,NA,NA,z,All Acute,d,29707,NA,24930,NA,322.9021739130435,NA,270.9782608695652,NA,83.9196149055778,NA,NHS Greater Glasgow and Clyde,312821.14285714284,3931.468261362516,3424.745135333955,87.11692361689023
2021Q3,p,S08000031,NA,S08000031,d,NA,z,All Acute,d,349189,NA,306767,NA,3795.532608695652,NA,3334.4239130434785,NA,87.85127824759658,NA,NHS Greater Glasgow and Clyde,312821.14285714284,3931.468261362516,3424.745135333955,87.11692361689023
2020Q1,NA,S08000022,NA,C121H,NA,NA,z,All Acute,d,4289,NA,3183,NA,47.13186813186813,NA,34.97802197802198,NA,74.2131032874796,NA,NHS Highland,43061.357142857145,531.780341501149,471.38986038116474,88.64989145796008
2020Q1,NA,S08000022,NA,H103H,NA,NA,z,All Acute,d,3431,NA,3330,NA,37.7032967032967,NA,36.59340659340659,NA,97.05625182162636,NA,NHS Highland,43061.357142857145,531.780341501149,471.38986038116474,88.64989145796008
2020Q1,NA,S08000022,NA,H202H,NA,NA,z,All Acute,d,34969,NA,29718,NA,384.27472527472526,NA,326.57142857142856,NA,84.98384283222282,NA,NHS Highland,43061.357142857145,531.780341501149,471.38986038116474,88.64989145796008
2020Q1,NA,S08000022,NA,H212H,NA,NA,z,All Acute,d,2633,NA,2600,NA,28.934065934065934,NA,28.571428571428573,NA,98.74667679453096,NA,NHS Highland,43061.357142857145,531.780341501149,471.38986038116474,88.64989145796008
2020Q1,NA,S08000022,NA,S08000022,d,NA,z,All Acute,d,49389,NA,42047,NA,542.7362637362637,NA,462.05494505494505,NA,85.1343416550244,NA,NHS Highland,43061.357142857145,531.780341501149,471.38986038116474,88.64989145796008
2020Q2,NA,S08000022,NA,C121H,NA,NA,z,All Acute,d,4162,NA,2032,NA,45.73626373626374,NA,22.32967032967033,NA,48.82268140317155,NA,NHS Highland,43061.357142857145,531.780341501149,471.38986038116474,88.64989145796008
2020Q2,NA,S08000022,NA,H103H,NA,NA,z,All Acute,d,3063,NA,2451,NA,33.65934065934066,NA,26.934065934065934,NA,80.01958863858962,NA,NHS Highland,43061.357142857145,531.780341501149,471.38986038116474,88.64989145796008
2020Q2,NA,S08000022,NA,H202H,NA,NA,z,All Acute,d,28623,NA,19778,NA,314.53846153846155,NA,217.34065934065933,NA,69.09827760891591,NA,NHS Highland,43061.357142857145,531.780341501149,471.38986038116474,88.64989145796008
2020Q2,NA,S08000022,NA,H212H,NA,NA,z,All Acute,d,2595,NA,1689,NA,28.51648351648352,NA,18.56043956043956,NA,65.08670520231215,NA,NHS Highland,43061.357142857145,531.780341501149,471.38986038116474,88.64989145796008
2020Q2,NA,S08000022,NA,S08000022,d,NA,z,All Acute,d,42529,NA,28404,NA,467.3516483516483,NA,312.13186813186815,NA,66.78736861905993,NA,NHS Highland,43061.357142857145,531.780341501149,471.38986038116474,88.64989145796008
2020Q3,NA,S08000022,NA,C121H,NA,NA,z,All Acute,d,3393,NA,2553,NA,36.880434782608695,NA,27.75,NA,75.24314765694075,NA,NHS Highland,43061.357142857145,531.780341501149,471.38986038116474,88.64989145796008
2020Q3,NA,S08000022,NA,H103H,NA,NA,z,All Acute,d,2862,NA,2862,NA,31.10869565217391,NA,31.10869565217391,NA,100,NA,NHS Highland,43061.357142857145,531.780341501149,471.38986038116474,88.64989145796008
2020Q3,NA,S08000022,NA,H202H,NA,NA,z,All Acute,d,30086,NA,26100,NA,327.0217391304348,NA,283.69565217391306,NA,86.75131290301137,NA,NHS Highland,43061.357142857145,531.780341501149,471.38986038116474,88.64989145796008
2020Q3,NA,S08000022,NA,H212H,NA,NA,z,All Acute,d,2359,NA,2185,NA,25.64130434782609,NA,23.75,NA,92.62399321746504,NA,NHS Highland,43061.357142857145,531.780341501149,471.38986038116474,88.64989145796008
2020Q3,NA,S08000022,NA,S08000022,d,NA,z,All Acute,d,43331,NA,36936,NA,470.9891304347826,NA,401.4782608695652,NA,85.24151300454639,NA,NHS Highland,43061.357142857145,531.780341501149,471.38986038116474,88.64989145796008
2020Q4,NA,S08000022,NA,C121H,NA,NA,z,All Acute,d,3722,NA,2743,NA,40.45652173913044,NA,29.815217391304348,NA,73.69693713057495,NA,NHS Highland,43061.357142857145,531.780341501149,471.38986038116474,88.64989145796008
2020Q4,NA,S08000022,NA,H103H,NA,NA,z,All Acute,d,3464,NA,3464,NA,37.65217391304348,NA,37.65217391304348,NA,100,NA,NHS Highland,43061.357142857145,531.780341501149,471.38986038116474,88.64989145796008
2020Q4,NA,S08000022,NA,H202H,NA,NA,z,All Acute,d,32326,NA,28968,NA,351.3695652173913,NA,314.8695652173913,NA,89.6120769659098,NA,NHS Highland,43061.357142857145,531.780341501149,471.38986038116474,88.64989145796008
2020Q4,NA,S08000022,NA,H212H,NA,NA,z,All Acute,d,2386,NA,2360,NA,25.934782608695652,NA,25.652173913043477,NA,98.91031014249788,NA,NHS Highland,43061.357142857145,531.780341501149,471.38986038116474,88.64989145796008
2020Q4,NA,S08000022,NA,S08000022,d,NA,z,All Acute,d,46555,NA,41028,NA,506.0326086956522,NA,445.9565217391304,NA,88.12802062077112,NA,NHS Highland,43061.357142857145,531.780341501149,471.38986038116474,88.64989145796008
2021Q1,NA,S08000022,NA,C121H,NA,NA,z,All Acute,d,3966,NA,2831,NA,44.06666666666667,NA,31.455555555555556,NA,71.38174483106404,NA,NHS Highland,43061.357142857145,531.780341501149,471.38986038116474,88.64989145796008
2021Q1,NA,S08000022,NA,H103H,NA,NA,z,All Acute,d,3465,NA,3465,NA,38.5,NA,38.5,NA,100,NA,NHS Highland,43061.357142857145,531.780341501149,471.38986038116474,88.64989145796008
2021Q1,NA,S08000022,NA,H202H,NA,NA,z,All Acute,d,31461,NA,29028,NA,349.56666666666666,NA,322.53333333333336,NA,92.26661581005054,NA,NHS Highland,43061.357142857145,531.780341501149,471.38986038116474,88.64989145796008
2021Q1,NA,S08000022,NA,H212H,NA,NA,z,All Acute,d,2474,NA,2402,NA,27.488888888888887,NA,26.68888888888889,NA,97.08973322554569,NA,NHS Highland,43061.357142857145,531.780341501149,471.38986038116474,88.64989145796008
2021Q1,NA,S08000022,NA,S08000022,d,NA,z,All Acute,d,45702,NA,41261,NA,507.8,NA,458.4555555555556,NA,90.28270097588728,NA,NHS Highland,43061.357142857145,531.780341501149,471.38986038116474,88.64989145796008
2021Q2,NA,S08000022,NA,C121H,NA,NA,z,All Acute,d,4010,NA,2896,NA,44.065934065934066,NA,31.824175824175825,NA,72.21945137157107,NA,NHS Highland,43061.357142857145,531.780341501149,471.38986038116474,88.64989145796008
2021Q2,NA,S08000022,NA,H103H,NA,NA,z,All Acute,d,3207,NA,3207,NA,35.24175824175824,NA,35.24175824175824,NA,100,NA,NHS Highland,43061.357142857145,531.780341501149,471.38986038116474,88.64989145796008
2021Q2,NA,S08000022,NA,H202H,NA,NA,z,All Acute,d,30650,NA,28318,NA,336.8131868131868,NA,311.1868131868132,NA,92.39151712887438,NA,NHS Highland,43061.357142857145,531.780341501149,471.38986038116474,88.64989145796008
2021Q2,NA,S08000022,NA,H212H,NA,NA,z,All Acute,d,2564,NA,2353,NA,28.175824175824175,NA,25.857142857142858,NA,91.77067082683308,NA,NHS Highland,43061.357142857145,531.780341501149,471.38986038116474,88.64989145796008
2021Q2,NA,S08000022,NA,S08000022,d,NA,z,All Acute,d,44357,NA,40132,NA,487.43956043956047,NA,441.010989010989,NA,90.4750095813513,NA,NHS Highland,43061.357142857145,531.780341501149,471.38986038116474,88.64989145796008
2021Q3,p,S08000022,NA,C121H,NA,NA,z,All Acute,d,4171,NA,3536,NA,45.33695652173913,NA,38.43478260869565,NA,84.7758331335411,NA,NHS Highland,43061.357142857145,531.780341501149,471.38986038116474,88.64989145796008
2021Q3,p,S08000022,NA,H103H,NA,NA,z,All Acute,d,3443,NA,3443,NA,37.42391304347826,NA,37.42391304347826,NA,100,NA,NHS Highland,43061.357142857145,531.780341501149,471.38986038116474,88.64989145796008
2021Q3,p,S08000022,NA,H202H,NA,NA,z,All Acute,d,34862,NA,31689,NA,378.9347826086956,NA,344.44565217391306,NA,90.89839940336184,NA,NHS Highland,43061.357142857145,531.780341501149,471.38986038116474,88.64989145796008
2021Q3,p,S08000022,NA,H212H,NA,NA,z,All Acute,d,2969,NA,2871,NA,32.27173913043478,NA,31.206521739130434,NA,96.6992253283934,NA,NHS Highland,43061.357142857145,531.780341501149,471.38986038116474,88.64989145796008
2021Q3,p,S08000022,NA,S08000022,d,NA,z,All Acute,d,49688,NA,45292,NA,540.0869565217391,NA,492.30434782608694,NA,91.1527934310095,NA,NHS Highland,43061.357142857145,531.780341501149,471.38986038116474,88.64989145796008
2020Q1,NA,S08000032,NA,L106H,NA,NA,z,All Acute,d,40576,NA,32208,NA,445.8901098901099,NA,353.9340659340659,NA,79.3769716088328,NA,NHS Lanarkshire,106342.28571428571,1321.0928961997286,1164.1424419266034,88.1239844850965
2020Q1,NA,S08000032,NA,L302H,NA,NA,z,All Acute,d,41543,NA,33808,NA,456.5164835164835,NA,371.5164835164835,NA,81.38073803047445,NA,NHS Lanarkshire,106342.28571428571,1321.0928961997286,1164.1424419266034,88.1239844850965
2020Q1,NA,S08000032,NA,L308H,NA,NA,z,All Acute,d,38714,NA,33336,NA,425.42857142857144,NA,366.3296703296703,NA,86.1083845637237,NA,NHS Lanarkshire,106342.28571428571,1321.0928961997286,1164.1424419266034,88.1239844850965
2020Q1,NA,S08000032,NA,S08000032,d,NA,z,All Acute,d,122654,NA,101079,NA,1347.8461538461538,NA,1110.758241758242,NA,82.40986841032499,NA,NHS Lanarkshire,106342.28571428571,1321.0928961997286,1164.1424419266034,88.1239844850965
2020Q2,NA,S08000032,NA,L106H,NA,NA,z,All Acute,d,37946,NA,20596,NA,416.989010989011,NA,226.3296703296703,NA,54.27713065935804,NA,NHS Lanarkshire,106342.28571428571,1321.0928961997286,1164.1424419266034,88.1239844850965
2020Q2,NA,S08000032,NA,L302H,NA,NA,z,All Acute,d,46485,NA,19265,NA,510.8241758241758,NA,211.7032967032967,NA,41.44347639023341,NA,NHS Lanarkshire,106342.28571428571,1321.0928961997286,1164.1424419266034,88.1239844850965
2020Q2,NA,S08000032,NA,L308H,NA,NA,z,All Acute,d,39803,NA,27659,NA,437.3956043956044,NA,303.94505494505495,NA,69.48973695450093,NA,NHS Lanarkshire,106342.28571428571,1321.0928961997286,1164.1424419266034,88.1239844850965
2020Q2,NA,S08000032,NA,S08000032,d,NA,z,All Acute,d,126054,NA,68692,NA,1385.2087912087911,NA,754.8571428571429,NA,54.494105700731446,NA,NHS Lanarkshire,106342.28571428571,1321.0928961997286,1164.1424419266034,88.1239844850965
2020Q3,NA,S08000032,NA,L106H,NA,NA,z,All Acute,d,38873,NA,29170,NA,422.5326086956522,NA,317.0652173913044,NA,75.03923031409977,NA,NHS Lanarkshire,106342.28571428571,1321.0928961997286,1164.1424419266034,88.1239844850965
2020Q3,NA,S08000032,NA,L302H,NA,NA,z,All Acute,d,41329,NA,26389,NA,449.2282608695652,NA,286.8369565217391,NA,63.851048900287935,NA,NHS Lanarkshire,106342.28571428571,1321.0928961997286,1164.1424419266034,88.1239844850965
2020Q3,NA,S08000032,NA,L308H,NA,NA,z,All Acute,d,36828,NA,31414,NA,400.30434782608694,NA,341.45652173913044,NA,85.29922884761595,NA,NHS Lanarkshire,106342.28571428571,1321.0928961997286,1164.1424419266034,88.1239844850965
2020Q3,NA,S08000032,NA,S08000032,d,NA,z,All Acute,d,118870,NA,88058,NA,1292.0652173913045,NA,957.1521739130436,NA,74.0792462353832,NA,NHS Lanarkshire,106342.28571428571,1321.0928961997286,1164.1424419266034,88.1239844850965
2020Q4,NA,S08000032,NA,L106H,NA,NA,z,All Acute,d,39728,NA,31540,NA,431.82608695652175,NA,342.82608695652175,NA,79.38985098670963,NA,NHS Lanarkshire,106342.28571428571,1321.0928961997286,1164.1424419266034,88.1239844850965
2020Q4,NA,S08000032,NA,L302H,NA,NA,z,All Acute,d,41405,NA,29527,NA,450.05434782608694,NA,320.94565217391306,NA,71.3126434005555,NA,NHS Lanarkshire,106342.28571428571,1321.0928961997286,1164.1424419266034,88.1239844850965
2020Q4,NA,S08000032,NA,L308H,NA,NA,z,All Acute,d,39639,NA,32989,NA,430.85869565217394,NA,358.57608695652175,NA,83.22359292615857,NA,NHS Lanarkshire,106342.28571428571,1321.0928961997286,1164.1424419266034,88.1239844850965
2020Q4,NA,S08000032,NA,S08000032,d,NA,z,All Acute,d,122616,NA,95133,NA,1332.7826086956522,NA,1034.054347826087,NA,77.58612252887062,NA,NHS Lanarkshire,106342.28571428571,1321.0928961997286,1164.1424419266034,88.1239844850965
2021Q1,NA,S08000032,NA,L106H,NA,NA,z,All Acute,d,38623,NA,30822,NA,429.1444444444445,NA,342.46666666666664,NA,79.80219040468114,NA,NHS Lanarkshire,106342.28571428571,1321.0928961997286,1164.1424419266034,88.1239844850965
2021Q1,NA,S08000032,NA,L302H,NA,NA,z,All Acute,d,36920,NA,29946,NA,410.22222222222223,NA,332.73333333333335,NA,81.11050920910075,NA,NHS Lanarkshire,106342.28571428571,1321.0928961997286,1164.1424419266034,88.1239844850965
2021Q1,NA,S08000032,NA,L308H,NA,NA,z,All Acute,d,40867,NA,34978,NA,454.0777777777778,NA,388.6444444444445,NA,85.58984021337508,NA,NHS Lanarkshire,106342.28571428571,1321.0928961997286,1164.1424419266034,88.1239844850965
2021Q1,NA,S08000032,NA,S08000032,d,NA,z,All Acute,d,118286,NA,96906,NA,1314.2888888888888,NA,1076.7333333333331,NA,81.925164431969975,NA,NHS Lanarkshire,106342.28571428571,1321.0928961997286,1164.1424419266034,88.1239844850965
2021Q2,NA,S08000032,NA,L106H,NA,NA,z,All Acute,d,38844,NA,31472,NA,426.8571428571428,NA,345.84615384615387,NA,81.02152198537742,NA,NHS Lanarkshire,106342.28571428571,1321.0928961997286,1164.1424419266034,88.1239844850965
2021Q2,NA,S08000032,NA,L302H,NA,NA,z,All Acute,d,39849,NA,31459,NA,437.9010989010989,NA,345.7032967032967,NA,78.94551933549148,NA,NHS Lanarkshire,106342.28571428571,1321.0928961997286,1164.1424419266034,88.1239844850965
2021Q2,NA,S08000032,NA,L308H,NA,NA,z,All Acute,d,41954,NA,35941,NA,461.032967032967,NA,394.956043956044,NA,85.6676359822663,NA,NHS Lanarkshire,106342.28571428571,1321.0928961997286,1164.1424419266034,88.1239844850965
2021Q2,NA,S08000032,NA,S08000032,d,NA,z,All Acute,d,122467,NA,100572,NA,1345.7912087912089,NA,1105.1868131868132,NA,82.1217144210277,NA,NHS Lanarkshire,106342.28571428571,1321.0928961997286,1164.1424419266034,88.1239844850965
2021Q3,p,S08000032,NA,L106H,NA,NA,z,All Acute,d,39879,NA,33098,NA,433.4673913043478,NA,359.7608695652174,NA,82.99606309084982,NA,NHS Lanarkshire,106342.28571428571,1321.0928961997286,1164.1424419266034,88.1239844850965
2021Q3,p,S08000032,NA,L302H,NA,NA,z,All Acute,d,38096,NA,32275,NA,414.0869565217391,NA,350.8152173913044,NA,84.72018059638809,NA,NHS Lanarkshire,106342.28571428571,1321.0928961997286,1164.1424419266034,88.1239844850965
2021Q3,p,S08000032,NA,L308H,NA,NA,z,All Acute,d,40334,NA,36196,NA,438.4130434782609,NA,393.4347826086956,NA,89.74066544354639,NA,NHS Lanarkshire,106342.28571428571,1321.0928961997286,1164.1424419266034,88.1239844850965
2021Q3,p,S08000032,NA,S08000032,d,NA,z,All Acute,d,120149,NA,103267,NA,1305.9673913043478,NA,1122.4673913043478,NA,85.94911318446262,NA,NHS Lanarkshire,106342.28571428571,1321.0928961997286,1164.1424419266034,88.1239844850965
2020Q1,NA,S08000024,NA,S116H,NA,NA,z,All Acute,d,63794,NA,55228,NA,701.032967032967,NA,606.9010989010989,NA,86.57240492836317,NA,NHS Lothian,171411.7857142857,2086.466379238429,1876.5470066510438,89.92684650318846
2020Q1,NA,S08000024,NA,S308H,NA,NA,z,All Acute,d,27217,NA,22802,NA,299.0879120879121,NA,250.57142857142856,NA,83.77852077745527,NA,NHS Lothian,171411.7857142857,2086.466379238429,1876.5470066510438,89.92684650318846
2020Q1,NA,S08000024,NA,S314H,NA,NA,z,All Acute,d,76013,NA,68028,NA,835.3076923076923,NA,747.5604395604396,NA,89.49521792324998,NA,NHS Lothian,171411.7857142857,2086.466379238429,1876.5470066510438,89.92684650318846
2020Q1,NA,S08000024,NA,S08000024,d,NA,z,All Acute,d,192509,NA,164543,NA,2115.4835164835163,NA,1808.1648351648353,NA,85.47288698190735,NA,NHS Lothian,171411.7857142857,2086.466379238429,1876.5470066510438,89.92684650318846
2020Q2,NA,S08000024,NA,S116H,NA,NA,z,All Acute,d,62641,NA,34603,NA,688.3626373626373,NA,380.25274725274727,NA,55.240178158075395,NA,NHS Lothian,171411.7857142857,2086.466379238429,1876.5470066510438,89.92684650318846
2020Q2,NA,S08000024,NA,S308H,NA,NA,z,All Acute,d,26712,NA,13864,NA,293.53846153846155,NA,152.35164835164835,NA,51.901766996106616,NA,NHS Lothian,171411.7857142857,2086.466379238429,1876.5470066510438,89.92684650318846
2020Q2,NA,S08000024,NA,S314H,NA,NA,z,All Acute,d,75820,NA,48391,NA,833.1868131868132,NA,531.7692307692307,NA,63.8235294117647,NA,NHS Lothian,171411.7857142857,2086.466379238429,1876.5470066510438,89.92684650318846
2020Q2,NA,S08000024,NA,S08000024,d,NA,z,All Acute,d,189669,NA,112810,NA,2084.274725274726,NA,1239.6703296703297,NA,59.477299927768904,NA,NHS Lothian,171411.7857142857,2086.466379238429,1876.5470066510438,89.92684650318846
2020Q3,NA,S08000024,NA,S116H,NA,NA,z,All Acute,d,59098,NA,40130,NA,642.3695652173913,NA,436.19565217391306,NA,67.90415919320452,NA,NHS Lothian,171411.7857142857,2086.466379238429,1876.5470066510438,89.92684650318846
2020Q3,NA,S08000024,NA,S308H,NA,NA,z,All Acute,d,27143,NA,18527,NA,295.0326086956522,NA,201.3804347826087,NA,68.25700917363592,NA,NHS Lothian,171411.7857142857,2086.466379238429,1876.5470066510438,89.92684650318846
2020Q3,NA,S08000024,NA,S314H,NA,NA,z,All Acute,d,83957,NA,65722,NA,912.5760869565216,NA,714.3695652173913,NA,78.28054837595435,NA,NHS Lothian,171411.7857142857,2086.466379238429,1876.5470066510438,89.92684650318846
2020Q3,NA,S08000024,NA,S08000024,d,NA,z,All Acute,d,195890,NA,142667,NA,2129.2391304347825,NA,1550.7282608695652,NA,72.83015978355199,NA,NHS Lothian,171411.7857142857,2086.466379238429,1876.5470066510438,89.92684650318846
2020Q4,NA,S08000024,NA,S116H,NA,NA,z,All Acute,d,57761,NA,44023,NA,627.8369565217391,NA,478.5108695652174,NA,76.21578573778154,NA,NHS Lothian,171411.7857142857,2086.466379238429,1876.5470066510438,89.92684650318846
2020Q4,NA,S08000024,NA,S308H,NA,NA,z,All Acute,d,27430,NA,20350,NA,298.1521739130435,NA,221.19565217391303,NA,74.18884433102441,NA,NHS Lothian,171411.7857142857,2086.466379238429,1876.5470066510438,89.92684650318846
2020Q4,NA,S08000024,NA,S314H,NA,NA,z,All Acute,d,84416,NA,70376,NA,917.5652173913044,NA,764.9565217391304,NA,83.36808188021227,NA,NHS Lothian,171411.7857142857,2086.466379238429,1876.5470066510438,89.92684650318846
2020Q4,NA,S08000024,NA,S08000024,d,NA,z,All Acute,d,198027,NA,155185,NA,2152.467391304348,NA,1686.7934782608695,NA,78.36557641129744,NA,NHS Lothian,171411.7857142857,2086.466379238429,1876.5470066510438,89.92684650318846
2021Q1,NA,S08000024,NA,S116H,NA,NA,z,All Acute,d,56096,NA,43552,NA,623.2888888888889,NA,483.9111111111111,NA,77.63833428408442,NA,NHS Lothian,171411.7857142857,2086.466379238429,1876.5470066510438,89.92684650318846
2021Q1,NA,S08000024,NA,S308H,NA,NA,z,All Acute,d,27689,NA,20744,NA,307.65555555555557,NA,230.48888888888888,NA,74.9178374083571,NA,NHS Lothian,171411.7857142857,2086.466379238429,1876.5470066510438,89.92684650318846
2021Q1,NA,S08000024,NA,S314H,NA,NA,z,All Acute,d,83147,NA,70073,NA,923.8555555555556,NA,778.5888888888888,NA,84.27604122818622,NA,NHS Lothian,171411.7857142857,2086.466379238429,1876.5470066510438,89.92684650318846
2021Q1,NA,S08000024,NA,S08000024,d,NA,z,All Acute,d,196520,NA,155018,NA,2183.5555555555557,NA,1722.4222222222222,NA,78.88153877467941,NA,NHS Lothian,171411.7857142857,2086.466379238429,1876.5470066510438,89.92684650318846
2021Q2,NA,S08000024,NA,S116H,NA,NA,z,All Acute,d,55874,NA,45661,NA,614,NA,501.7692307692308,NA,81.72137308945126,NA,NHS Lothian,171411.7857142857,2086.466379238429,1876.5470066510438,89.92684650318846
2021Q2,NA,S08000024,NA,S308H,NA,NA,z,All Acute,d,26818,NA,19767,NA,294.7032967032967,NA,217.21978021978023,NA,73.70795734208369,NA,NHS Lothian,171411.7857142857,2086.466379238429,1876.5470066510438,89.92684650318846
2021Q2,NA,S08000024,NA,S314H,NA,NA,z,All Acute,d,83580,NA,71774,NA,918.4615384615385,NA,788.7252747252747,NA,85.87461115099306,NA,NHS Lothian,171411.7857142857,2086.466379238429,1876.5470066510438,89.92684650318846
2021Q2,NA,S08000024,NA,S08000024,d,NA,z,All Acute,d,198081,NA,160001,NA,2176.714285714286,NA,1758.2527472527472,NA,80.77554131895536,NA,NHS Lothian,171411.7857142857,2086.466379238429,1876.5470066510438,89.92684650318846
2021Q3,p,S08000024,NA,S116H,NA,NA,z,All Acute,d,57492,NA,47954,NA,624.9130434782609,NA,521.2391304347826,NA,83.40986572044807,NA,NHS Lothian,171411.7857142857,2086.466379238429,1876.5470066510438,89.92684650318846
2021Q3,p,S08000024,NA,S308H,NA,NA,z,All Acute,d,27439,NA,20940,NA,298.25,NA,227.6086956521739,NA,76.31473450198622,NA,NHS Lothian,171411.7857142857,2086.466379238429,1876.5470066510438,89.92684650318846
2021Q3,p,S08000024,NA,S314H,NA,NA,z,All Acute,d,84054,NA,74477,NA,913.6304347826087,NA,809.5326086956521,NA,88.60613415185476,NA,NHS Lothian,171411.7857142857,2086.466379238429,1876.5470066510438,89.92684650318846
2021Q3,p,S08000024,NA,S08000024,d,NA,z,All Acute,d,200311,NA,166480,NA,2177.2934782608695,NA,1809.5652173913045,NA,83.11076276390213,NA,NHS Lothian,171411.7857142857,2086.466379238429,1876.5470066510438,89.92684650318846
2020Q1,NA,S08000025,NA,R103H,NA,NA,z,All Acute,d,3313,NA,3018,NA,36.40659340659341,NA,33.16483516483517,NA,91.09568367038938,NA,NHS Orkney,3225.6428571428573,36.25071345148985,35.31870615581796,97.40519178922197
2020Q1,NA,S08000025,NA,S08000025,d,NA,z,All Acute,d,3313,NA,3018,NA,36.40659340659341,NA,33.16483516483517,NA,91.09568367038938,NA,NHS Orkney,3225.6428571428573,36.25071345148985,35.31870615581796,97.40519178922197
2020Q2,NA,S08000025,NA,R103H,NA,NA,z,All Acute,d,3542,NA,1975,NA,38.92307692307692,NA,21.703296703296704,NA,55.75945793337098,NA,NHS Orkney,3225.6428571428573,36.25071345148985,35.31870615581796,97.40519178922197
2020Q2,NA,S08000025,NA,S08000025,d,NA,z,All Acute,d,3542,NA,1975,NA,38.92307692307692,NA,21.703296703296704,NA,55.75945793337098,NA,NHS Orkney,3225.6428571428573,36.25071345148985,35.31870615581796,97.40519178922197
2020Q3,NA,S08000025,NA,R103H,NA,NA,z,All Acute,d,3733,NA,2573,NA,40.57608695652174,NA,27.967391304347824,NA,68.9257969461559,NA,NHS Orkney,3225.6428571428573,36.25071345148985,35.31870615581796,97.40519178922197
2020Q3,NA,S08000025,NA,S08000025,d,NA,z,All Acute,d,3733,NA,2573,NA,40.57608695652174,NA,27.967391304347824,NA,68.9257969461559,NA,NHS Orkney,3225.6428571428573,36.25071345148985,35.31870615581796,97.40519178922197
2020Q4,NA,S08000025,NA,R103H,NA,NA,z,All Acute,d,3522,NA,2906,NA,38.28260869565217,NA,31.58695652173913,NA,82.50993753549119,NA,NHS Orkney,3225.6428571428573,36.25071345148985,35.31870615581796,97.40519178922197
2020Q4,NA,S08000025,NA,S08000025,d,NA,z,All Acute,d,3522,NA,2906,NA,38.28260869565217,NA,31.58695652173913,NA,82.50993753549119,NA,NHS Orkney,3225.6428571428573,36.25071345148985,35.31870615581796,97.40519178922197
2021Q1,NA,S08000025,NA,R103H,NA,NA,z,All Acute,d,3680,NA,2973,NA,40.888888888888886,NA,33.03333333333333,NA,80.78804347826087,NA,NHS Orkney,3225.6428571428573,36.25071345148985,35.31870615581796,97.40519178922197
2021Q1,NA,S08000025,NA,S08000025,d,NA,z,All Acute,d,3680,NA,2973,NA,40.888888888888886,NA,33.03333333333333,NA,80.78804347826087,NA,NHS Orkney,3225.6428571428573,36.25071345148985,35.31870615581796,97.40519178922197
2021Q2,NA,S08000025,NA,R103H,NA,NA,z,All Acute,d,3369,NA,2763,NA,37.02197802197802,NA,30.36263736263736,NA,82.01246660730187,NA,NHS Orkney,3225.6428571428573,36.25071345148985,35.31870615581796,97.40519178922197
2021Q2,NA,S08000025,NA,S08000025,d,NA,z,All Acute,d,3369,NA,2763,NA,37.02197802197802,NA,30.36263736263736,NA,82.01246660730187,NA,NHS Orkney,3225.6428571428573,36.25071345148985,35.31870615581796,97.40519178922197
2021Q3,p,S08000025,NA,R103H,NA,NA,z,All Acute,d,3071,NA,2578,NA,33.380434782608695,NA,28.02173913043478,NA,83.94659719960924,NA,NHS Orkney,3225.6428571428573,36.25071345148985,35.31870615581796,97.40519178922197
2021Q3,p,S08000025,NA,S08000025,d,NA,z,All Acute,d,3071,NA,2578,NA,33.380434782608695,NA,28.02173913043478,NA,83.94659719960924,NA,NHS Orkney,3225.6428571428573,36.25071345148985,35.31870615581796,97.40519178922197
2020Q1,NA,S08000026,NA,Z102H,NA,NA,z,All Acute,d,4211,NA,2406,NA,46.27472527472528,NA,26.43956043956044,NA,57.136072191878405,NA,NHS Shetland,2433.285714285714,45.301886674402205,26.628903411977944,59.03436253900038
2020Q1,NA,S08000026,NA,S08000026,d,NA,z,All Acute,d,4211,NA,2406,NA,46.27472527472528,NA,26.43956043956044,NA,57.136072191878405,NA,NHS Shetland,2433.285714285714,45.301886674402205,26.628903411977944,59.03436253900038
2020Q2,NA,S08000026,NA,Z102H,NA,NA,z,All Acute,d,5370,NA,1520,NA,59.010989010989015,NA,16.703296703296704,NA,28.305400372439475,NA,NHS Shetland,2433.285714285714,45.301886674402205,26.628903411977944,59.03436253900038
2020Q2,NA,S08000026,NA,S08000026,d,NA,z,All Acute,d,5370,NA,1520,NA,59.010989010989015,NA,16.703296703296704,NA,28.305400372439475,NA,NHS Shetland,2433.285714285714,45.301886674402205,26.628903411977944,59.03436253900038
2020Q3,NA,S08000026,NA,Z102H,NA,NA,z,All Acute,d,5291,NA,1963,NA,57.51086956521739,NA,21.33695652173913,NA,37.1007371007371,NA,NHS Shetland,2433.285714285714,45.301886674402205,26.628903411977944,59.03436253900038
2020Q3,NA,S08000026,NA,S08000026,d,NA,z,All Acute,d,5291,NA,1963,NA,57.51086956521739,NA,21.33695652173913,NA,37.1007371007371,NA,NHS Shetland,2433.285714285714,45.301886674402205,26.628903411977944,59.03436253900038
2020Q4,NA,S08000026,NA,Z102H,NA,NA,z,All Acute,d,5652,NA,2045,NA,61.43478260869565,NA,22.22826086956522,NA,36.18188251946214,NA,NHS Shetland,2433.285714285714,45.301886674402205,26.628903411977944,59.03436253900038
2020Q4,NA,S08000026,NA,S08000026,d,NA,z,All Acute,d,5652,NA,2045,NA,61.43478260869565,NA,22.22826086956522,NA,36.18188251946214,NA,NHS Shetland,2433.285714285714,45.301886674402205,26.628903411977944,59.03436253900038
2021Q1,NA,S08000026,NA,Z102H,NA,NA,z,All Acute,d,5497,NA,1999,NA,61.077777777777776,NA,22.211111111111112,NA,36.36529015826815,NA,NHS Shetland,2433.285714285714,45.301886674402205,26.628903411977944,59.03436253900038
2021Q1,NA,S08000026,NA,S08000026,d,NA,z,All Acute,d,5497,NA,1999,NA,61.077777777777776,NA,22.211111111111112,NA,36.36529015826815,NA,NHS Shetland,2433.285714285714,45.301886674402205,26.628903411977944,59.03436253900038
2021Q2,NA,S08000026,NA,Z102H,NA,NA,z,All Acute,d,5478,NA,1945,NA,60.1978021978022,NA,21.373626373626372,NA,35.5056589996349,NA,NHS Shetland,2433.285714285714,45.301886674402205,26.628903411977944,59.03436253900038
2021Q2,NA,S08000026,NA,S08000026,d,NA,z,All Acute,d,5478,NA,1945,NA,60.1978021978022,NA,21.373626373626372,NA,35.5056589996349,NA,NHS Shetland,2433.285714285714,45.301886674402205,26.628903411977944,59.03436253900038
2021Q3,p,S08000026,NA,Z102H,NA,NA,z,All Acute,d,5434,NA,2325,NA,59.06521739130435,NA,25.27173913043478,NA,42.78616120721384,NA,NHS Shetland,2433.285714285714,45.301886674402205,26.628903411977944,59.03436253900038
2021Q3,p,S08000026,NA,S08000026,d,NA,z,All Acute,d,5434,NA,2325,NA,59.06521739130435,NA,25.27173913043478,NA,42.78616120721384,NA,NHS Shetland,2433.285714285714,45.301886674402205,26.628903411977944,59.03436253900038
2020Q1,NA,S08000030,NA,T101H,NA,NA,z,All Acute,d,59863,NA,45948,NA,657.8351648351648,NA,504.9230769230769,NA,76.75525783873177,NA,NHS Tayside,74537.5,1087.3012608164781,816.0053388467985,75.20759311996564
2020Q1,NA,S08000030,NA,T202H,NA,NA,z,All Acute,d,18205,NA,14478,NA,200.05494505494505,NA,159.0989010989011,NA,79.52760230705852,NA,NHS Tayside,74537.5,1087.3012608164781,816.0053388467985,75.20759311996564
2020Q1,NA,S08000030,NA,T312H,NA,NA,z,All Acute,d,3827,NA,1694,NA,42.05494505494506,NA,18.615384615384617,NA,44.264436895740786,NA,NHS Tayside,74537.5,1087.3012608164781,816.0053388467985,75.20759311996564
2020Q1,NA,S08000030,NA,S08000030,d,NA,z,All Acute,d,98172,NA,74973,NA,1078.8131868131868,NA,823.8791208791209,NA,76.36902579146803,NA,NHS Tayside,74537.5,1087.3012608164781,816.0053388467985,75.20759311996564
2020Q2,NA,S08000030,NA,T101H,NA,NA,z,All Acute,d,60653,NA,31369,NA,666.5164835164835,NA,344.7142857142857,NA,51.718793794206384,NA,NHS Tayside,74537.5,1087.3012608164781,816.0053388467985,75.20759311996564
2020Q2,NA,S08000030,NA,T202H,NA,NA,z,All Acute,d,16927,NA,9366,NA,186.01098901098905,NA,102.92307692307692,NA,55.331718556152886,NA,NHS Tayside,74537.5,1087.3012608164781,816.0053388467985,75.20759311996564
2020Q2,NA,S08000030,NA,T312H,NA,NA,z,All Acute,d,2377,NA,1079,NA,26.12087912087912,NA,11.857142857142858,NA,45.393352965923434,NA,NHS Tayside,74537.5,1087.3012608164781,816.0053388467985,75.20759311996564
2020Q2,NA,S08000030,NA,S08000030,d,NA,z,All Acute,d,96052,NA,51337,NA,1055.5164835164835,NA,564.1428571428571,NA,53.44709115895556,NA,NHS Tayside,74537.5,1087.3012608164781,816.0053388467985,75.20759311996564
2020Q3,NA,S08000030,NA,T101H,NA,NA,z,All Acute,d,58429,NA,42199,NA,635.0978260869565,NA,458.6847826086956,NA,72.2226976330247,NA,NHS Tayside,74537.5,1087.3012608164781,816.0053388467985,75.20759311996564
2020Q3,NA,S08000030,NA,T202H,NA,NA,z,All Acute,d,17061,NA,11300,NA,185.44565217391303,NA,122.82608695652172,NA,66.23292890217455,NA,NHS Tayside,74537.5,1087.3012608164781,816.0053388467985,75.20759311996564
2020Q3,NA,S08000030,NA,T312H,NA,NA,z,All Acute,d,4057,NA,1331,NA,44.09782608695652,NA,14.467391304347826,NA,32.80749322159231,NA,NHS Tayside,74537.5,1087.3012608164781,816.0053388467985,75.20759311996564
2020Q3,NA,S08000030,NA,S08000030,d,NA,z,All Acute,d,95652,NA,66687,NA,1039.695652173913,NA,724.8586956521739,NA,69.71835403337097,NA,NHS Tayside,74537.5,1087.3012608164781,816.0053388467985,75.20759311996564
2020Q4,NA,S08000030,NA,T101H,NA,NA,z,All Acute,d,61739,NA,45013,NA,671.0760869565217,NA,489.2717391304348,NA,72.90853431380489,NA,NHS Tayside,74537.5,1087.3012608164781,816.0053388467985,75.20759311996564
2020Q4,NA,S08000030,NA,T202H,NA,NA,z,All Acute,d,17276,NA,11950,NA,187.7826086956522,NA,129.8913043478261,NA,69.17110442231998,NA,NHS Tayside,74537.5,1087.3012608164781,816.0053388467985,75.20759311996564
2020Q4,NA,S08000030,NA,T312H,NA,NA,z,All Acute,d,3253,NA,901,NA,35.358695652173914,NA,9.793478260869565,NA,27.697509990777743,NA,NHS Tayside,74537.5,1087.3012608164781,816.0053388467985,75.20759311996564
2020Q4,NA,S08000030,NA,S08000030,d,NA,z,All Acute,d,97597,NA,69217,NA,1060.8369565217392,NA,752.3586956521739,NA,70.92123733311475,NA,NHS Tayside,74537.5,1087.3012608164781,816.0053388467985,75.20759311996564
2021Q1,NA,S08000030,NA,T101H,NA,NA,z,All Acute,d,61076,NA,44130,NA,678.6222222222223,NA,490.3333333333333,NA,72.254240618246115,NA,NHS Tayside,74537.5,1087.3012608164781,816.0053388467985,75.20759311996564
2021Q1,NA,S08000030,NA,T202H,NA,NA,z,All Acute,d,16584,NA,11970,NA,184.26666666666668,NA,133,NA,72.178002894356,NA,NHS Tayside,74537.5,1087.3012608164781,816.0053388467985,75.20759311996564
2021Q1,NA,S08000030,NA,T312H,NA,NA,z,All Acute,d,2714,NA,689,NA,30.155555555555555,NA,7.655555555555556,NA,25.38688282977156,NA,NHS Tayside,74537.5,1087.3012608164781,816.0053388467985,75.20759311996564
2021Q1,NA,S08000030,NA,S08000030,d,NA,z,All Acute,d,96168,NA,67418,NA,1068.5333333333333,NA,749.0888888888888,NA,70.10440063222694,NA,NHS Tayside,74537.5,1087.3012608164781,816.0053388467985,75.20759311996564
2021Q2,NA,S08000030,NA,T101H,NA,NA,z,All Acute,d,62793,NA,44471,NA,690.032967032967,NA,488.6923076923077,NA,70.82158839361075,NA,NHS Tayside,74537.5,1087.3012608164781,816.0053388467985,75.20759311996564
2021Q2,NA,S08000030,NA,T202H,NA,NA,z,All Acute,d,17449,NA,13206,NA,191.74725274725276,NA,145.12087912087912,NA,75.68342025330963,NA,NHS Tayside,74537.5,1087.3012608164781,816.0053388467985,75.20759311996564
2021Q2,NA,S08000030,NA,T312H,NA,NA,z,All Acute,d,2760,NA,271,NA,30.32967032967033,NA,2.978021978021978,NA,9.818840579710146,NA,NHS Tayside,74537.5,1087.3012608164781,816.0053388467985,75.20759311996564
2021Q2,NA,S08000030,NA,S08000030,d,NA,z,All Acute,d,98818,NA,68403,NA,1085.9120879120878,NA,751.6813186813187,NA,69.22119451921715,NA,NHS Tayside,74537.5,1087.3012608164781,816.0053388467985,75.20759311996564
2021Q3,p,S08000030,NA,T101H,NA,NA,z,All Acute,d,66720,NA,49214,NA,725.2173913043479,NA,534.9347826086956,NA,73.76199040767385,NA,NHS Tayside,74537.5,1087.3012608164781,816.0053388467985,75.20759311996564
2021Q3,p,S08000030,NA,T202H,NA,NA,z,All Acute,d,17189,NA,13064,NA,186.83695652173913,NA,142,NA,76.0020943626738,NA,NHS Tayside,74537.5,1087.3012608164781,816.0053388467985,75.20759311996564
2021Q3,p,S08000030,NA,T312H,NA,NA,z,All Acute,d,2232,NA,56,NA,24.26086956521739,NA,0.6086956521739131,NA,2.508960573476702,NA,NHS Tayside,74537.5,1087.3012608164781,816.0053388467985,75.20759311996564
2021Q3,p,S08000030,NA,S08000030,d,NA,z,All Acute,d,102826,NA,74572,NA,1117.6739130434785,NA,810.5652173913044,NA,72.52251376111101,NA,NHS Tayside,74537.5,1087.3012608164781,816.0053388467985,75.20759311996564
2020Q1,NA,S08000028,NA,W107H,NA,NA,z,All Acute,d,6337,NA,4454,NA,69.63736263736264,NA,48.94505494505494,NA,70.28562411235599,NA,NHS Western Isles,4999.428571428572,70.8233554402809,54.743310088806986,77.23915713030306
2020Q1,NA,S08000028,NA,S08000028,d,NA,z,All Acute,d,6337,NA,4454,NA,69.63736263736264,NA,48.94505494505494,NA,70.28562411235599,NA,NHS Western Isles,4999.428571428572,70.8233554402809,54.743310088806986,77.23915713030306
2020Q2,NA,S08000028,NA,W107H,NA,NA,z,All Acute,d,5334,NA,1901,NA,58.61538461538461,NA,20.89010989010989,NA,35.63929508811399,NA,NHS Western Isles,4999.428571428572,70.8233554402809,54.743310088806986,77.23915713030306
2020Q2,NA,S08000028,NA,S08000028,d,NA,z,All Acute,d,5334,NA,1901,NA,58.61538461538461,NA,20.89010989010989,NA,35.63929508811399,NA,NHS Western Isles,4999.428571428572,70.8233554402809,54.743310088806986,77.23915713030306
2020Q3,NA,S08000028,NA,W107H,NA,NA,z,All Acute,d,5903,NA,2665,NA,64.16304347826087,NA,28.967391304347824,NA,45.14653565983397,NA,NHS Western Isles,4999.428571428572,70.8233554402809,54.743310088806986,77.23915713030306
2020Q3,NA,S08000028,NA,S08000028,d,NA,z,All Acute,d,5903,NA,2665,NA,64.16304347826087,NA,28.967391304347824,NA,45.14653565983397,NA,NHS Western Isles,4999.428571428572,70.8233554402809,54.743310088806986,77.23915713030306
2020Q4,NA,S08000028,NA,W107H,NA,NA,z,All Acute,d,6599,NA,3440,NA,71.72826086956522,NA,37.391304347826086,NA,52.129110471283525,NA,NHS Western Isles,4999.428571428572,70.8233554402809,54.743310088806986,77.23915713030306
2020Q4,NA,S08000028,NA,S08000028,d,NA,z,All Acute,d,6599,NA,3440,NA,71.72826086956522,NA,37.391304347826086,NA,52.129110471283525,NA,NHS Western Isles,4999.428571428572,70.8233554402809,54.743310088806986,77.23915713030306
2021Q1,NA,S08000028,NA,W107H,NA,NA,z,All Acute,d,6680,NA,3863,NA,74.22222222222223,NA,42.922222222222224,NA,57.82934131736527,NA,NHS Western Isles,4999.428571428572,70.8233554402809,54.743310088806986,77.23915713030306
2021Q1,NA,S08000028,NA,S08000028,d,NA,z,All Acute,d,6680,NA,3863,NA,74.22222222222223,NA,42.922222222222224,NA,57.82934131736527,NA,NHS Western Isles,4999.428571428572,70.8233554402809,54.743310088806986,77.23915713030306
2021Q2,NA,S08000028,NA,W107H,NA,NA,z,All Acute,d,6741,NA,4156,NA,74.07692307692308,NA,45.67032967032967,NA,61.65257380210652,NA,NHS Western Isles,4999.428571428572,70.8233554402809,54.743310088806986,77.23915713030306
2021Q2,NA,S08000028,NA,S08000028,d,NA,z,All Acute,d,6741,NA,4156,NA,74.07692307692308,NA,45.67032967032967,NA,61.65257380210652,NA,NHS Western Isles,4999.428571428572,70.8233554402809,54.743310088806986,77.23915713030306
2021Q3,p,S08000028,NA,W107H,NA,NA,z,All Acute,d,6832,NA,4071,NA,74.26086956521739,NA,44.25,NA,59.58723653395784,NA,NHS Western Isles,4999.428571428572,70.8233554402809,54.743310088806986,77.23915713030306
2021Q3,p,S08000028,NA,S08000028,d,NA,z,All Acute,d,6832,NA,4071,NA,74.26086956521739,NA,44.25,NA,59.58723653395784,NA,NHS Western Isles,4999.428571428572,70.8233554402809,54.743310088806986,77.23915713030306
2020Q1,NA,S92000003,d,S92000003,d,NA,z,All Acute,d,1226533,NA,1022753,NA,13478.384615384615,NA,11239.043956043955,NA,83.38568958193542,NA,Scotland,1053288.4285714286,13310.017568956233,11531.153227690183,86.63473397918894
2020Q2,NA,S92000003,d,S92000003,d,NA,z,All Acute,d,1157700,NA,712506,NA,12721.978021978022,NA,7829.736263736264,NA,61.54495983415392,NA,Scotland,1053288.4285714286,13310.017568956233,11531.153227690183,86.63473397918894
2020Q3,NA,S92000003,d,S92000003,d,NA,z,All Acute,d,1164931,NA,892345,NA,12662.29347826087,NA,9699.402173913044,NA,76.60067420302147,NA,Scotland,1053288.4285714286,13310.017568956233,11531.153227690183,86.63473397918894
2020Q4,NA,S92000003,d,S92000003,d,NA,z,All Acute,d,1193954,NA,949828,NA,12977.760869565218,NA,10324.217391304348,NA,79.55314861376569,NA,Scotland,1053288.4285714286,13310.017568956233,11531.153227690183,86.63473397918894
2021Q1,NA,S92000003,d,S92000003,d,NA,z,All Acute,d,1180684,NA,954767,NA,13118.711111111112,NA,10608.522222222222,NA,80.86558300104006,NA,Scotland,1053288.4285714286,13310.017568956233,11531.153227690183,86.63473397918894
2021Q2,NA,S92000003,d,S92000003,d,NA,z,All Acute,d,1189154,NA,975297,NA,13067.626373626374,NA,10717.54945054945,NA,82.01603829276948,NA,Scotland,1053288.4285714286,13310.017568956233,11531.153227690183,86.63473397918894
2021Q3,p,S92000003,d,S92000003,d,NA,z,All Acute,d,1216760,NA,1020933,NA,13225.652173913044,NA,11097.097826086956,NA,83.90586475558038,NA,Scotland,1053288.4285714286,13310.017568956233,11531.153227690183,86.63473397918894
